chl_a_sample_code,station_code,date,sample_replicate,subsample_replicate,sample_volume_filtered_ml,extract_volume_ml,absorbance_750nm,absorbance_663nm,absorbance_645nm,absorbance_630nm,chl_a_16ed,chl_a_20ed,description,unit,outlier_16,outlier_20,.resid,outlier_resid
CHL0001,ST091,1983-04-08,1,NA,1000,5,0.005,0.022,0.013,0.011,0.91,0.95,,mg/L,FALSE,FALSE,-0.18569573696988906,FALSE
CHL0002,ST068,1983-05-31,1,NA,1000,7.1,0.006,0.024,0.014,0.012,1.37,391.04999999999995,,mg/L,FALSE,TRUE,389.42214763849586,TRUE
CHL0003,ST091,1983-05-31,1,NA,1000,5.5,0.005,0.028999999999999998,0.007,0.012,1.52,1.55,,mg/L,FALSE,FALSE,-0.2383382173304487,FALSE
CHL0004,ST095,1983-05-31,1,NA,1000,6.4,0.008,0.024,0.015,0.015,1.1,1.15,,mg/L,FALSE,FALSE,-0.18897782101662086,FALSE
CHL0005,ST095,1983-05-31,2,NA,1000,7.5,0.006,0.028999999999999998,0.011,0.009,1.93,1.99,,mg/L,FALSE,FALSE,-0.2369995565891856,FALSE
CHL0006,ST065,1983-05-31,1,NA,1000,6.4,0.008,0.03,0.014,0.013,1.56,1.61,,mg/L,FALSE,FALSE,-0.2211344455508133,FALSE
CHL0007,ST095,1983-06-15,1,NA,1000,5.8,0.002,0.019,0.009,0.01,1.06,1.11,,mg/L,FALSE,FALSE,-0.186181592796256,FALSE
CHL0008,ST068,1983-06-16,1,NA,1000,7,0.006,0.007,0.009,0.008,0.04,0.05,,mg/L,FALSE,FALSE,-0.15487777317695928,FALSE
CHL0009,ST091,1983-06-16,1,NA,1000,7,0.005,0.015,0.008,0.007,0.77,0.8,,mg/L,FALSE,FALSE,-0.18590893819861287,FALSE
CHL0010,ST065,1983-06-17,1,NA,1000,9,0.003,0.011,0.007,0.007,0.76,0.8,,mg/L,FALSE,FALSE,-0.17520988114352165,FALSE
CHL0011,ST090,1983-06-17,1,NA,1000,5.3,0.002,0.021,0.003,0.01,1.16,1.19,,mg/L,FALSE,FALSE,-0.2131721633471675,FALSE
CHL0012,ST095,1983-06-22,1,NA,1000,6.4,0.009,0.025,0.014,0.012,1.12,1.17,,mg/L,FALSE,FALSE,-0.19037593512680306,FALSE
CHL0013,ST065,1983-06-22,1,NA,1000,6.1,0.004,0.014,0.008,0.005,0.66,0.69,,mg/L,FALSE,FALSE,-0.17821931059261031,FALSE
CHL0014,ST090,1983-06-22,1,NA,1000,5.3,0.008,0.026000000000000002,0.016,0.015,1.02,1.07,,mg/L,FALSE,FALSE,-0.18338536457589139,FALSE
CHL0015,ST068,1983-06-23,1,NA,1000,6.6,0.006,0.012,0.007,0.007,0.45,0.46,,mg/L,FALSE,FALSE,-0.18353911243569626,FALSE
CHL0016,ST068,1983-06-27,1,NA,1000,7.2,0.007,0.02,0.01,0,1.04,1.07,,mg/L,FALSE,FALSE,-0.20478347868607383,FALSE
CHL0017,ST091,1983-06-27,1,NA,1000,7.3,0.006,0.018000000000000002,0.01,0.009,0.96,0.99,,mg/L,FALSE,FALSE,-0.19919102224534457,FALSE
CHL0018,ST095,1983-06-27,1,NA,1000,7.1,0,0.006,0,0,0.5,0.5,,mg/L,FALSE,FALSE,-0.19703439771115194,FALSE
CHL0019,ST065,1983-06-27,1,NA,1000,6.5,0.006,0.017,0.01,0.009,0.78,0.81,,mg/L,FALSE,FALSE,-0.18660799525370397,FALSE
CHL0020,ST090,1983-06-27,1,NA,1000,6.2,0.003,0.014,0.007,0.006,0.74,0.77,,mg/L,FALSE,FALSE,-0.18381176703333946,FALSE
CHL0021,ST068,1983-07-13,1,NA,1000,9.5,0.004,0.008,0.007,0.008,0.38,0.41,,mg/L,FALSE,FALSE,-0.1586457130500582,FALSE
CHL0022,ST091,1983-07-13,1,NA,1000,7,0.007,0.013000000000000001,0.009,0.008,0.46,0.48,,mg/L,FALSE,FALSE,-0.1742381694907874,FALSE
CHL0023,ST095,1983-07-14,1,NA,1000,7.3,0.006,0.022,0.008,0.006,1.33,1.36,,mg/L,FALSE,FALSE,-0.2250561332837171,FALSE
CHL0024,ST065,1983-07-15,1,NA,1000,6.5,0.007,0.013000000000000001,0.009,0.008,0.43,0.44,,mg/L,FALSE,FALSE,-0.18214099832551395,FALSE
CHL0025,ST068,1983-07-20,1,NA,1000,6.1,0.005,0.015,0.012,0.013,0.62,0.66,,mg/L,FALSE,FALSE,-0.16542308237224568,FALSE
CHL0026,ST091,1983-07-20,1,NA,1000,6.3,0,0.013000000000000001,0.003,0.004,0.92,0.94,,mg/L,FALSE,FALSE,-0.20639479402498018,FALSE
CHL0027,ST095,1983-07-20,1,NA,1000,7.4,0.006,0.026000000000000002,0.013,0.008,1.61,1.68,,mg/L,FALSE,FALSE,-0.20462973082626923,FALSE
CHL0028,ST065,1983-07-21,1,NA,1000,5.3,0.005,0.017,0.01,0.01,0.69,0.71,,mg/L,FALSE,FALSE,-0.19031648175788374,FALSE
CHL0029,ST068,1983-07-27,1,NA,1000,5.2,0.032,0.056,0.053,0.055,1.23,1.32,,mg/L,FALSE,FALSE,-0.1580655627328056,FALSE
CHL0030,ST091,1983-07-27,1,NA,1000,5.9,0.001,0.011,0.006,0.006,0.63,0.66,,mg/L,FALSE,FALSE,-0.1761221394273368,FALSE
CHL0031,ST095,1983-07-28,1,NA,600,8.1,0.005,0.027,0.012,0.011,3.26,3.38,,mg/L,FALSE,FALSE,-0.2699741449163082,FALSE
CHL0032,ST065,1983-07-28,1,NA,1000,6,0.006,0.021,0.01,0.009,1,1.03,,mg/L,FALSE,FALSE,-0.2019872504657092,FALSE
CHL0033,ST090,1983-07-28,1,NA,1000,5.7,0.004,0.016,0.005,0.008,0.79,0.8,,mg/L,FALSE,FALSE,-0.2073070523087952,FALSE
CHL0034,ST068,1983-08-04,1,NA,1000,7.5,0,0.014,0.006,0.004,1.13,1.18,,mg/L,FALSE,FALSE,-0.19107499218189417,FALSE
CHL0035,ST095,1983-08-04,1,NA,750,6,0.001,0.049,0.014,0.013,4.25,4.4,,mg/L,FALSE,FALSE,-0.30918079337033166,TRUE
CHL0036,ST065,1983-08-04,1,NA,1000,6.3,0,0.003,0,0,0.22,0.22,,mg/L,FALSE,FALSE,-0.17746080016859986,FALSE
CHL0037,ST090,1983-08-04,1,NA,1000,7.2,0,0.004,0,0.001,0.34,0.34,,mg/L,FALSE,FALSE,-0.1858494848296936,FALSE
CHL0038,ST091,1983-08-10,1,NA,1000,6.3,0.006,0.025,0.013,0.011,1.3,1.35,,mg/L,FALSE,FALSE,-0.20295896211844355,FALSE
CHL0039,ST095,1983-08-10,1,NA,600,7.7,0.005,0.019,0.01,0.006,1.95,2.03,,mg/L,FALSE,FALSE,-0.218397670699368,FALSE
CHL0040,ST065,1983-08-11,1,NA,1000,5.5,0.004,0.028,0.011,0.009,1.46,1.51,,mg/L,FALSE,FALSE,-0.21414387499990184,FALSE
CHL0041,ST090,1983-08-11,1,NA,1000,7,0.001,0.017,0.009,0.006,1.19,1.24,,mg/L,FALSE,FALSE,-0.195269334512441,FALSE
CHL0042,ST068,1983-09-13,1,NA,1000,7,0.005,0.033,0.013,0.011,2.16,2.24,,mg/L,FALSE,FALSE,-0.23307786885628223,FALSE
CHL0043,ST091,1983-09-13,1,NA,1000,7.4,0.005,0.026000000000000002,0.012,0.01,1.7,1.76,,mg/L,FALSE,FALSE,-0.22092124432208937,FALSE
CHL0044,ST095,1983-09-13,1,NA,600,9.4,0.004,0.028,0.011,0.01,4.15,4.29,,mg/L,FALSE,FALSE,-0.3121902228194209,TRUE
CHL0045,ST065,1983-09-13,1,NA,1000,6.2,0.006,0.037,0.013,0.013,2.15,2.21,,mg/L,FALSE,FALSE,-0.2523788118011909,FALSE
CHL0046,ST090,1983-09-13,1,NA,1000,7.5,0.007,0.021,0.01,0.009,1.18,1.21,,mg/L,FALSE,FALSE,-0.2145702774573499,FALSE
CHL0047,ST068,1983-10-11,1,NA,1000,7.6,0.007,0.014,0.008,0.008,0.6,0.62,,mg/L,FALSE,FALSE,-0.18402496826206338,FALSE
CHL0048,ST095,1983-10-11,1,NA,1000,6.7,0.006,0.08700000000000001,0.032,0.025,5.95,6.17,,mg/L,FALSE,FALSE,-0.35802049273582703,TRUE
CHL0049,ST065,1983-10-11,1,NA,1000,5.5,0.012,0.062,0.028,0.024,7.573999999999996,0.667,,mg/L,FALSE,FALSE,-7.598547358482625,TRUE
CHL0050,ST090,1983-10-11,1,NA,1000,5,0.006,0.031,0.016,0.012,1.35,1.41,,mg/L,FALSE,FALSE,-0.1964542473938995,FALSE
CHL0051,ST068,1983-11-09,1,NA,500,9,0.002,0.008,0.01,0.006,0.95,1.06,,mg/L,FALSE,FALSE,-0.1184919651902534,FALSE
CHL0052,ST095,1983-11-09,1,NA,500,9.3,0.003,0.019,0.006,0.015,3.37,3.46,,mg/L,FALSE,FALSE,-0.3076637725223108,TRUE
CHL0053,ST065,1983-11-09,1,NA,500,6.2,0.003,0.023,0.012,0.015,2.66,2.78,,mg/L,FALSE,FALSE,-0.22803072161083993,FALSE
CHL0054,ST090,1983-11-09,1,NA,500,7,0.022,0.034,0.025,0.027,1.87,1.93,,mg/L,FALSE,FALSE,-0.23280521425863898,FALSE
CHL0055,ST091,1984-05-09,1,NA,1000,13.1,0.003,0.02,0.013,0.008,2.32,2.44,,mg/L,FALSE,FALSE,-0.20426278173774026,FALSE
CHL0056,ST065,1984-05-09,1,NA,1000,13.3,0.023,0.031,0.031,0.032,1.02,1.11,,mg/L,FALSE,FALSE,-0.14338536457589135,FALSE
CHL0057,ST090,1984-05-09,1,NA,1000,13.1,0.002,0.007,0.009,0.029,0.6,0.66,,mg/L,FALSE,FALSE,-0.14402496826206335,FALSE
CHL0058,ST068,1984-05-31,1,NA,1000,12.2,0.012,0.015,0.013,0.013,0.4,0.42,,mg/L,FALSE,FALSE,-0.17004382716024052,FALSE
CHL0059,ST091,1984-06-15,1,NA,1000,14.1,0.004,0.015,0.011,0.006,1.59,1.69,,mg/L,FALSE,FALSE,-0.173231616716087,FALSE
CHL0060,ST068,1984-07-03,1,NA,1000,13.8,0.004,0.01,0.028,0.006,0.25,0.47,,mg/L,FALSE,FALSE,0.04044202866612667,FALSE
CHL0061,ST091,1984-07-03,1,NA,1000,13.8,0.017,0.031,0.038,0.009,1.61,1.83,,mg/L,FALSE,FALSE,-0.054629730826269096,FALSE
CHL0062,ST068,1984-07-15,1,NA,1000,5.5,0.001,0.032,0.032,0.007,1.62,1.76,,mg/L,FALSE,FALSE,-0.13532878788136027,FALSE
CHL0063,ST091,1984-07-15,1,NA,1000,5.4,0.003,0.033,0.036,0.009,1.5,1.65,,mg/L,FALSE,FALSE,-0.1169401032202666,FALSE
CHL0064,ST068,1984-07-18,1,NA,1000,5.6,0.001,0.026000000000000002,0.032,0.006,1.26,1.39,,mg/L,FALSE,FALSE,-0.12016273389807908,FALSE
CHL0065,ST091,1984-07-18,1,NA,1000,6.5,0.001,0.03,0.033,0.006,1.75,1.92,,mg/L,FALSE,FALSE,-0.11441652959754522,FALSE
CHL0066,ST068,1984-07-31,1,NA,1000,5.5,0.001,0.032,0.033,0.007,1.61,1.75,,mg/L,FALSE,FALSE,-0.13462973082626917,FALSE
CHL0067,ST091,1984-07-31,1,NA,1000,5.9,0.001,0.033,0.035,0.007,1.77,1.93,,mg/L,FALSE,FALSE,-0.12581464370772744,FALSE
CHL0068,ST091,1984-08-27,1,NA,1000,4,0.003,0.41400000000000003,0.473,0.082,15.11,16.61,,mg/L,TRUE,TRUE,0.2816432448006836,TRUE
CHL0069,ST068,1984-09-06,1,NA,1000,5.6,0.014,0.43900000000000006,0.5,0.09,21.87,24.05,,mg/L,TRUE,TRUE,0.48908067555906953,TRUE
CHL0070,ST091,1984-09-06,1,NA,1000,4.8,0.01,0.42500000000000004,0.49,0.088,18.25,20.09,,mg/L,TRUE,TRUE,0.402139329502063,TRUE
CHL0071,ST068,1985-05-13,1,NA,1000,5.2,0.075,0.602,0.564,0.17,26.46,28.6,,mg/L,TRUE,TRUE,0.1282134872722338,FALSE
CHL0072,ST091,1985-05-13,1,NA,1000,5.6,0.017,0.513,0.531,0.119,26.17,28.53,,mg/L,TRUE,TRUE,0.3684861418698766,TRUE
CHL0073,ST068,1985-06-03,1,NA,500,5.1,0.117,0.53,0.627,0.246,37.93,42.01,,mg/L,TRUE,TRUE,1.2663950450826889,TRUE
CHL0074,ST091,1985-06-03,1,NA,500,7.4,0.119,0.527,0.629,0.249,54.18,60.09,,mg/L,TRUE,TRUE,1.9604273305595825,TRUE
CHL0075,ST068,1985-06-19,1,NA,500,8.8,0.2,0.616,0.744,0.355,64.82,72.23,,mg/L,TRUE,TRUE,2.7166306239426063,TRUE
CHL0076,ST091,1985-06-19,1,NA,500,5.2,0.205,0.6599999999999999,0.757,0.376,42.86,47.38,,mg/L,TRUE,TRUE,1.3617599169227574,TRUE
CHL0077,ST068,1985-07-04,1,NA,500,5.3,0.023,0.344,0.366,0.096,31.83,34.78,,mg/L,TRUE,TRUE,0.5628198486882923,TRUE
CHL0078,ST091,1985-07-04,1,NA,500,8.3,0.052,0.33999999999999997,0.397,0.131,43.41,47.94,,mg/L,TRUE,TRUE,1.3333117788927424,TRUE
CHL0079,ST068,1985-07-15,1,NA,500,5.6,0.041,0.363,0.394,0.119,33.53,36.72,,mg/L,TRUE,TRUE,0.6839801493227924,TRUE
CHL0080,ST091,1985-07-15,1,NA,500,6,0.038,0.319,0.383,0.108,30.39,33.65,,mg/L,TRUE,TRUE,0.9734840646214167,TRUE
CHL0081,ST068,1985-08-13,1,NA,425,7.5,0.032,0.33199999999999996,0.369,0.099,48.9,53.67,,mg/L,TRUE,TRUE,1.1895294556477083,TRUE
CHL0082,ST091,1985-08-13,1,NA,450,4.6,0.028,0.302,0.357,0.095,25.41,28.07,,mg/L,TRUE,TRUE,0.7216144780568037,TRUE
CHL0083,ST068,1985-08-26,1,NA,250,7.5,0.006,0.267,0.324,0.055,70.68,78.21,,mg/L,TRUE,TRUE,2.4269831896591825,TRUE
CHL0084,ST091,1985-08-26,1,NA,400,5.6,0.011,0.272,0.323,0.065,33.17,36.63,,mg/L,TRUE,TRUE,0.9791462033060796,TRUE
CHL0085,ST068,1985-09-26,1,NA,400,4.4,0.039,0.325,0.382,0.111,28.55,31.53,,mg/L,TRUE,TRUE,0.8221105627581835,TRUE
CHL0086,ST091,1985-09-26,1,NA,350,6.7,0.011,0.29600000000000004,0.35,0.077,49.61,54.76,,mg/L,TRUE,TRUE,1.5198964047362296,TRUE
CHL0087,ST068,1985-10-24,1,NA,400,4.3,0.03,0.309,0.367,0.092,27.15,30.02,,mg/L,TRUE,TRUE,0.8099785504709445,TRUE
CHL0088,ST068,1985-10-24,2,NA,1000,5.1,0.003,0.27,0.33,0.059,12.28,13.59,,mg/L,TRUE,TRUE,0.28947639139147974,TRUE
CHL0089,ST091,1985-10-24,1,NA,1000,5.4,0.002,0.273,0.328,0.053,13.26,14.65,,mg/L,TRUE,TRUE,0.3009687999925479,TRUE
CHL0090,ST091,1985-10-24,2,NA,415,4.8,0.047,0.33599999999999997,0.398,0.122,30.23,33.43,,mg/L,TRUE,TRUE,0.9246689775028756,TRUE
CHL0091,ST068,1987-05-06,1,NA,1000,4.9,0.014,0.02,0.014,0.02,0.35,0.35,,mg/L,FALSE,FALSE,-0.18654854188478476,FALSE
CHL0092,ST091,1987-05-06,1,NA,750,4.7,0.004,0.021,0.011,0.004,1.15,1.19,,mg/L,FALSE,FALSE,-0.20247310629207638,FALSE
CHL0093,ST068,1987-05-21,1,NA,1000,4.9,0.014,0.033,0.024,0.017,0.98,1.03,,mg/L,FALSE,FALSE,-0.18058913635552698,FALSE
CHL0094,ST091,1987-05-21,1,NA,750,4.5,0.017,0.033,0.018,0.024,1.11,1.13,,mg/L,FALSE,FALSE,-0.219676878071712,FALSE
CHL0095,ST091,1987-06-03,1,NA,750,4.9,0.017,0.022,0.026,0.016,0.25,0.3,,mg/L,FALSE,FALSE,-0.1295579713338733,FALSE
CHL0096,ST068,1987-06-17,1,NA,1000,5.8,0.019,0.025,0.023,0.013,0.35,0.37,,mg/L,FALSE,FALSE,-0.16654854188478474,FALSE
CHL0097,ST091,1987-06-17,1,NA,1000,4.8,0.02,0.032,0.028,0.021,0.59,0.62,,mg/L,FALSE,FALSE,-0.17332591120697227,FALSE
CHL0098,ST068,1987-07-06,1,NA,1000,5.2,0,0.002,0,0,0.12,0.12,,mg/L,FALSE,FALSE,-0.17047022961768843,FALSE
CHL0099,ST068,1987-07-16,1,NA,1000,4.9,0.004,0.01,0.006,0.006,0.32,0.33,,mg/L,FALSE,FALSE,-0.1744513707195114,FALSE
CHL0100,ST091,1987-07-16,1,NA,750,7.6,0.002,0.006,0.012,0.011,0.26,0.33,,mg/L,FALSE,FALSE,-0.1102570283889645,FALSE
CHL0101,ST068,1987-07-28,1,NA,1000,5,0,0.001,0,0,0.06,0.06,,mg/L,FALSE,FALSE,-0.16627588728714154,FALSE
CHL0102,ST091,1987-07-28,1,NA,750,4.3,0,0.02,0.004,0.008,1.29,1.33,,mg/L,FALSE,FALSE,-0.21225990506335246,FALSE
CHL0103,ST068,1987-08-11,1,NA,1000,4.8,0.004,0.015,0.008,0.01,0.58,0.6,,mg/L,FALSE,FALSE,-0.18262685415188107,FALSE
CHL0104,ST091,1987-08-11,1,NA,750,4.6,0,0.014,0.002,0.001,0.97,1,,mg/L,FALSE,FALSE,-0.19989007930043567,FALSE
CHL0105,ST068,1987-08-25,1,NA,1000,4.2,0,0.014,0.002,0.001,0.67,0.68,,mg/L,FALSE,FALSE,-0.19891836764770143,FALSE
CHL0106,ST091,1987-08-25,1,NA,750,4.1,0.006,0.032,0.016,0.003,1.53,1.6,,mg/L,FALSE,FALSE,-0.19903727438553998,FALSE
CHL0107,ST068,1987-10-08,1,NA,750,6.1,0,0.007,0.006,0.006,0.56,0.6,,mg/L,FALSE,FALSE,-0.16122874004169885,FALSE
CHL0108,ST068,1988-05-19,1,NA,1000,4.3,0.01,0.032,0.033,0.02,0.89,0.97,,mg/L,FALSE,FALSE,-0.14429762285970682,FALSE
CHL0109,ST091,1988-05-19,1,NA,1000,4.7,0.009,0.024,0.025,0.016,0.66,0.72,,mg/L,FALSE,FALSE,-0.1482193105926103,FALSE
CHL0110,ST068,1988-06-02,1,NA,750,4.7,0.016,0.028999999999999998,0.029,0.022,0.78,0.84,,mg/L,FALSE,FALSE,-0.15660799525370406,FALSE
CHL0111,ST091,1988-06-02,1,NA,1000,4.6,0.012,0.021,0.021,0.016,0.39,0.43,,mg/L,FALSE,FALSE,-0.1493447701051494,FALSE
CHL0112,ST068,1988-06-16,1,NA,1000,4.6,0.007,0.027,0.027,0.022,0.88,0.95,,mg/L,FALSE,FALSE,-0.1535985658046155,FALSE
CHL0113,ST091,1988-06-16,1,NA,1000,4.2,0.015,0.019,0.02,0.014,0.15,0.17,,mg/L,FALSE,FALSE,-0.15256740078296185,FALSE
CHL0114,ST068,1988-06-29,1,NA,750,4.6,0.029,0.049,0.051,0.038,1.14,1.25,,mg/L,FALSE,FALSE,-0.1317740492369852,FALSE
CHL0115,ST091,1988-06-29,1,NA,750,4.4,0.03,0.036,0.039,0.033,0.3,0.34,,mg/L,FALSE,FALSE,-0.14305325660932905,FALSE
CHL0116,ST068,1988-07-13,1,NA,750,4.4,0.02,0.034999999999999996,0.038,0.034,0.8,0.89,,mg/L,FALSE,FALSE,-0.12800610936388634,FALSE
CHL0117,ST091,1988-07-13,1,NA,1000,4.4,0.004,0.019,0.022,0.012,0.6,0.66,,mg/L,FALSE,FALSE,-0.14402496826206335,FALSE
CHL0118,ST068,1988-07-28,1,NA,750,4.4,0.029,0.041,0.045,0.04,0.62,0.69,,mg/L,FALSE,FALSE,-0.13542308237224576,FALSE
CHL0119,ST091,1988-07-28,1,NA,750,4.7,0.046,0.048,0.023,0.039,0.45,0.37,,mg/L,FALSE,FALSE,-0.2735391124356963,FALSE
CHL0120,ST068,1988-08-11,1,NA,750,4.4,0.005,0.02,0.021,0.013,0.83,0.9,,mg/L,FALSE,FALSE,-0.15010328052915967,FALSE
CHL0121,ST091,1988-08-11,1,NA,1000,4.3,0.01,0.019,0.022,0.011,0.34,0.38,,mg/L,FALSE,FALSE,-0.14584948482969362,FALSE
CHL0122,ST068,1988-08-25,1,NA,1000,4.1,0.008,0.022,0.021,0.01,0.55,0.6,,mg/L,FALSE,FALSE,-0.15052968298660774,FALSE
CHL0123,ST091,1988-08-25,1,NA,750,4.7,0.008,0.037,0.039,0.019,1.7,1.86,,mg/L,FALSE,FALSE,-0.12092124432208928,FALSE
CHL0124,ST068,1988-09-22,1,NA,1000,4.7,0.009,0.021,0.023,0.014,0.52,0.57,,mg/L,FALSE,FALSE,-0.14843251182133432,FALSE
CHL0125,ST091,1988-09-22,1,NA,750,4.3,0.005,0.024,0.026,0.013,1.01,1.11,,mg/L,FALSE,FALSE,-0.13268630752080024,FALSE
CHL0126,ST068,1988-10-20,1,NA,1000,4.1,0.048,0.06899999999999999,0.077,0.072,0.76,0.85,,mg/L,FALSE,FALSE,-0.12520988114352172,FALSE
CHL0127,ST091,1991-07-11,1,NA,350,6.7,0.002,0.01,0.004,0.003,1.7,1.76,,mg/L,FALSE,FALSE,-0.22092124432208937,FALSE
CHL0128,ST091,1991-07-11,2,NA,350,6.5,0.001,0.01,0.003,0.003,1.87,1.93,,mg/L,FALSE,FALSE,-0.23280521425863898,FALSE
CHL0129,ST095,1991-07-11,1,NA,345,6.7,0.003,0.021,0.009,0.008,3.83,3.97,,mg/L,FALSE,FALSE,-0.2898203970565034,TRUE
CHL0130,ST065,1991-07-11,1,NA,645,9.1,0,0.008,0.003,0.003,1.23,1.28,,mg/L,FALSE,FALSE,-0.19806556273280562,FALSE
CHL0131,ST090,1991-07-11,1,NA,645,6.5,0.001,0.007,0.002,0.001,0.68,0.7,,mg/L,FALSE,FALSE,-0.18961742470279264,FALSE
CHL0132,ST095,1991-07-16,1,NA,300,8.5,0,0.016,0.005,0.004,4.98,5.16,,mg/L,FALSE,FALSE,-0.3302119583919856,TRUE
CHL0133,ST095,1991-07-16,2,NA,300,6,0.008,0.028999999999999998,0.016,0.015,4.56,4.74,,mg/L,FALSE,FALSE,-0.3008515620781571,TRUE
CHL0134,ST065,1991-07-16,1,NA,600,7.8,0,0.009,0.003,0.003,1.28,1.33,,mg/L,FALSE,FALSE,-0.20156084800826135,FALSE
CHL0135,ST065,1991-07-16,2,NA,600,8.1,0,0.007,0.002,0.002,1.04,1.08,,mg/L,FALSE,FALSE,-0.19478347868607382,FALSE
CHL0136,ST065,1991-07-16,3,NA,600,7.6,0.001,0.009,0.004,0.003,1.1,1.14,,mg/L,FALSE,FALSE,-0.19897782101662087,FALSE
CHL0137,ST090,1991-07-16,1,NA,775,8.1,0.002,0.007,0.003,0.003,0.59,0.6,,mg/L,FALSE,FALSE,-0.1933259112069723,FALSE
CHL0138,ST068,1991-10-10,1,NA,1000,9.5,0.002,0.007,0.003,0.003,0.53,0.55,,mg/L,FALSE,FALSE,-0.17913156887642534,FALSE
CHL0139,ST091,1991-10-10,1,NA,1000,4.5,0.006,0.023,0.014,0.013,0.82,0.85,,mg/L,FALSE,FALSE,-0.1894042234740686,FALSE
CHL0140,ST090,1991-11-04,1,NA,1000,9.2,0.049,0.07,0.074,0.081,1.78,1.96,,mg/L,FALSE,FALSE,-0.10651370076281896,FALSE
CHL0141,ST091,1992-09-14,1,NA,1000,9.8,0.002,0.018000000000000002,0.005,0.004,1.76,1.81,,mg/L,FALSE,FALSE,-0.2351155866526362,FALSE
CHL0142,ST065,1992-09-15,1,NA,1000,8.7,0.002,0.04,0.012,0.01,3.67,3.79,,mg/L,FALSE,FALSE,-0.29863548417504493,TRUE
CHL0143,ST095,1992-09-16,1,NA,570,7,0.003,0.059000000000000004,0.017,0.015,7.65,7.9,,mg/L,FALSE,FALSE,-0.44686019210132066,TRUE
CHL0144,ST091,1993-07-14,1,NA,1000,11,0,0.012,0.004,0.003,1.44,1.5,,mg/L,FALSE,FALSE,-0.20274576088971963,FALSE
CHL0145,ST095,1993-07-14,1,NA,810,9.5,0.001,0.016,0.004,0.005,1.98,2.03,,mg/L,FALSE,FALSE,-0.25049484186464177,FALSE
CHL0146,ST065,1993-07-14,1,NA,1000,9.1,0,0.01,0.002,0.002,1.02,1.05,,mg/L,FALSE,FALSE,-0.2033853645758914,FALSE
CHL0147,ST091,1994-05-17,1,NA,1000,11.3,0.002,0.023,0.007,0.007,2.65,2.73,,mg/L,FALSE,FALSE,-0.2673316645557482,FALSE
CHL0148,ST095,1994-05-17,1,NA,1000,8.6,0.013,0.023,0.013,0.014,1,1.02,,mg/L,FALSE,FALSE,-0.2119872504657092,FALSE
CHL0149,ST065,1994-05-17,1,NA,1000,7.7,0.003,0.018000000000000002,0.007,0.006,1.28,1.32,,mg/L,FALSE,FALSE,-0.21156084800826136,FALSE
CHL0150,ST091,1994-07-14,1,NA,1000,9.4,0,0.024,0.007,0.006,2.49,2.58,,mg/L,FALSE,FALSE,-0.2461467516742899,FALSE
CHL0151,ST095,1994-07-14,1,NA,550,6.8,0,0.04,0.011,0.01,5.48,5.66,,mg/L,FALSE,FALSE,-0.36516481114654287,TRUE
CHL0152,ST065,1994-07-14,1,NA,1000,8.1,0.001,0.028999999999999998,0.009,0.008,2.51,2.59,,mg/L,FALSE,FALSE,-0.25754486578447233,FALSE
CHL0153,ST091,1994-09-12,1,NA,1000,7.9,0.002,0.028999999999999998,0.009,0.008,2.37,2.45,,mg/L,FALSE,FALSE,-0.24775806701319603,FALSE
CHL0154,ST095,1994-09-14,1,NA,560,10.1,0.004,0.026000000000000002,0.009,0.007,4.43,4.57,,mg/L,FALSE,FALSE,-0.3317638203619717,TRUE
CHL0155,ST065,1994-09-14,1,NA,910,10.2,0.003,0.023,0.006,0.005,2.54,2.61,,mg/L,FALSE,FALSE,-0.26964203694974564,FALSE
CHL0156,ST095,1994-10-31,1,NA,1000,13,0.001,0.021,0.006,0.004,2.89,2.98,,mg/L,FALSE,FALSE,-0.2741090338779357,TRUE
CHL0157,ST091,1995-07-11,1,NA,1000,10,0.002,0.016,0.006,0.005,1.55,1.6,,mg/L,FALSE,FALSE,-0.2204353884957222,FALSE
CHL0158,ST095,1995-07-11,1,NA,620,13,0.003,0.017,0.005,0.004,3.33,3.42,,mg/L,FALSE,FALSE,-0.3048675443019464,TRUE
CHL0159,ST065,1995-07-11,1,NA,1000,12.4,0.002,0.016,0.004,0.003,1.97,2.02,,mg/L,FALSE,FALSE,-0.24979578480955045,FALSE
CHL0160,ST091,1995-09-14,1,NA,1000,13,0,0.003,0.002,0.001,0.4,0.42,,mg/L,FALSE,FALSE,-0.17004382716024052,FALSE
CHL0161,ST095,1995-09-14,1,NA,685,13.2,0.001,0.017,0.006,0.005,3.39,3.51,,mg/L,FALSE,FALSE,-0.2790618866324932,TRUE
CHL0162,ST065,1995-09-14,1,NA,1000,13.5,0,0.015,0.005,0.005,2.22,2.3,,mg/L,FALSE,FALSE,-0.23727221118682928,FALSE
CHL0163,ST069,1998-05-25,1,NA,1000,11.1,0.006,0.016,0.009,0.01,1.22,1.27,Composite Tube/Tube composite,mg/L,FALSE,FALSE,-0.1973665056777143,FALSE
CHL0164,ST069,1998-05-25,2,NA,1000,12.1,0.001,0.009,0.004,0.002,0.637,7.821999999999997,Composite Tube/Tube composite,mg/L,FALSE,FALSE,6.9783885206340965,TRUE
CHL0165,ST068,1998-05-25,1,NA,870,8,0,0.011,0.003,0.001,1.12,1.16,Composite Tube/Tube composite,mg/L,FALSE,FALSE,-0.20037593512680307,FALSE
CHL0166,ST068,1998-05-25,2,NA,1000,7.3,0.005,0.022,0.01,0.008,1.37,1.42,Composite Tube/Tube composite,mg/L,FALSE,FALSE,-0.2078523615040817,FALSE
CHL0167,ST070,1998-05-25,1,NA,1000,8.5,0,0.007,0.002,0.001,0.66,0.68,Composite Tube/Tube composite,mg/L,FALSE,FALSE,-0.1882193105926102,FALSE
CHL0168,ST070,1998-05-25,2,NA,1000,8.9,0.002,0.011,0.004,0.003,0.89,0.92,Composite Tube/Tube composite,mg/L,FALSE,FALSE,-0.19429762285970675,FALSE
CHL0169,ST096,1998-05-26,1,NA,1000,11.5,0,0.021,0.007,0.006,2.64,2.74,Composite Tube/Tube composite,mg/L,FALSE,FALSE,-0.24663260750065685,FALSE
CHL0170,ST096,1998-05-26,2,NA,1000,9.2,0,0.016,0.005,0.005,1.62,1.68,Composite Tube/Tube composite,mg/L,FALSE,FALSE,-0.21532878788136034,FALSE
CHL0171,ST095,1998-05-26,1,NA,1000,8.5,0.004,0.021,0.008,0.007,1.61,1.66,Composite Tube/Tube composite,mg/L,FALSE,FALSE,-0.22462973082626925,FALSE
CHL0172,ST095,1998-05-26,2,NA,1000,8.7,0.001,0.022,0.007,0.006,2.02,2.09,Composite tube/Tube composite,mg/L,FALSE,FALSE,-0.23329107008500616,FALSE
CHL0173,ST097,1998-05-26,1,NA,1000,8.3,0,0.018000000000000002,0.005,0.005,1.65,1.71,Composite Tube/Tube composite,mg/L,FALSE,FALSE,-0.21742595904663364,FALSE
CHL0174,ST097,1998-05-26,2,NA,1000,9.3,0.002,0.021,0.008,0.007,1.94,2.01,Composite Tube/Tube composite,mg/L,FALSE,FALSE,-0.2276986136442769,FALSE
CHL0175,ST066,1998-05-27,1,NA,1000,8.4,0.002,0.014,0.007,0.006,1.09,1.13,Composite Tube/Tube composite,mg/L,FALSE,FALSE,-0.19827876396152977,FALSE
CHL0176,ST066,1998-05-27,2,NA,1000,9,0,0.01,0.001,0,1.03,1.05,Composite Tube/Tube composite,mg/L,FALSE,FALSE,-0.21408442163098274,FALSE
CHL0177,ST065,1998-05-27,1,NA,1000,9,0,0.01,0,0,1.05,1.07,Composite Tube/Tube composite,mg/L,FALSE,FALSE,-0.21548253574116494,FALSE
CHL0178,ST065,1998-05-27,2,NA,1000,8.8,0,0.012,0.003,0.001,1.17,1.21,Composite Tube/Tube composite,mg/L,FALSE,FALSE,-0.20387122040225858,FALSE
CHL0179,ST067,1998-05-27,1,NA,1000,7.1,0,0.012,0.003,0.001,0.95,0.98,,mg/L,FALSE,FALSE,-0.19849196519025347,FALSE
CHL0180,ST067,1998-05-27,2,NA,1000,7.8,0,0.014,0.003,0,1.22,1.26,,mg/L,FALSE,FALSE,-0.2073665056777143,FALSE
CHL0181,ST079,1998-05-28,1,NA,1000,9.3,0.001,0.017,0.006,0.006,1.64,1.7,Composite Tube/Tube composite,mg/L,FALSE,FALSE,-0.21672690199154254,FALSE
CHL0182,ST079,1998-05-28,2,NA,1000,8.7,0.003,0.025,0.012,0.01,2.06,2.15,Composite Tube/Tube composite,mg/L,FALSE,FALSE,-0.216087298305371,FALSE
CHL0183,ST080,1998-05-28,1,NA,1000,8.1,0.005,0.024,0.011,0.009,1.69,1.75,Composite Tube/Tube composite,mg/L,FALSE,FALSE,-0.22022218726699827,FALSE
CHL0184,ST080,1998-05-28,2,NA,1000,8.5,0.003,0.023,0.008,0.007,1.89,1.95,Composite Tube/Tube composite,mg/L,FALSE,FALSE,-0.23420332836882118,FALSE
CHL0185,ST081,1998-05-28,1,NA,1000,8.8,0.003,0.02,0.008,0.007,1.65,1.71,Composite Tube/Tube composite,mg/L,FALSE,FALSE,-0.21742595904663364,FALSE
CHL0186,ST081,1998-05-28,2,NA,1000,8.6,0.001,0.019,0.006,0.005,1.71,1.77,Composite Tube/Tube composite,mg/L,FALSE,FALSE,-0.22162030137718047,FALSE
CHL0187,ST069,1998-06-08,1,NA,1000,9.5,0.001,0.011,0.005,0.002,1.02,1.07,Composite Tube/Tube composite,mg/L,FALSE,FALSE,-0.18338536457589139,FALSE
CHL0188,ST069,1998-06-08,2,NA,1000,8.6,0.001,0.011,0.005,0.004,0.93,0.97,Composite Tube/Tube composite,mg/L,FALSE,FALSE,-0.18709385108007126,FALSE
CHL0189,ST068,1998-06-08,1,NA,1000,10,0.003,0.013000000000000001,0.006,0.005,1.1,1.14,Composite Tube/Tube composite,mg/L,FALSE,FALSE,-0.19897782101662087,FALSE
CHL0190,ST068,1998-06-08,2,NA,1000,9.7,0.008,0.021,0.013,0.011,1.37,1.42,Composite Tube/Tube composite,mg/L,FALSE,FALSE,-0.2078523615040817,FALSE
CHL0191,ST070,1998-06-08,1,NA,1000,8.7,0,0.014,0.003,0.003,1.36,1.41,Composite Tube/Tube composite,mg/L,FALSE,FALSE,-0.2071533044489906,FALSE
CHL0192,ST070,1998-06-08,2,NA,1000,10.2,0,0.011,0.002,0.002,1.26,1.3,Composite Tube/Tube composite,mg/L,FALSE,FALSE,-0.21016273389807894,FALSE
CHL0193,ST092,1998-06-09,1,NA,1000,9.2,0.003,0.014,0.005,0.003,1.14,1.17,Composite Tube/Tube composite,mg/L,FALSE,FALSE,-0.21177404923698528,FALSE
CHL0194,ST092,1998-06-09,2,NA,1000,9.3,0,0.013000000000000001,0.004,0.003,1.33,1.38,Composite Tube/Tube composite,mg/L,FALSE,FALSE,-0.2050561332837173,FALSE
CHL0195,ST091,1998-06-09,1,NA,1000,9.8,0.004,0.018000000000000002,0.009,0.008,1.5,1.55,Composite Tube/Tube composite,mg/L,FALSE,FALSE,-0.21694010322026647,FALSE
CHL0196,ST091,1998-06-09,2,NA,1000,10.9,0,0.009,0.004,0.003,1.05,1.1,Composite Tube/Tube composite,mg/L,FALSE,FALSE,-0.1854825357411649,FALSE
CHL0197,ST093,1998-06-09,1,NA,1000,9.5,0.002,0.012,0.003,0,1.08,1.11,Composite Tube/Tube composite,mg/L,FALSE,FALSE,-0.20757970690643845,FALSE
CHL0198,ST093,1998-06-09,2,NA,1000,8.7,0,0.014,0.006,0.004,1.31,1.37,Composite Tube/Tube composite,mg/L,FALSE,FALSE,-0.19365801917353465,FALSE
CHL0199,ST096,1998-06-10,1,NA,1000,12,0.001,0.019,0.006,0.005,2.39,2.47,Composite Tube/Tube composite,mg/L,FALSE,FALSE,-0.24915618112337823,FALSE
CHL0200,ST096,1998-06-10,2,NA,1000,9.9,0.002,0.018000000000000002,0.006,0.005,1.76,1.82,Composite Tube/Tube composite,mg/L,FALSE,FALSE,-0.2251155866526362,FALSE
CHL0201,ST095,1998-06-10,1,NA,990,10.1,0.003,0.023,0.009,0.008,2.25,2.33,Composite Tube/Tube composite,mg/L,FALSE,FALSE,-0.23936938235210237,FALSE
CHL0202,ST095,1998-06-10,2,NA,1000,11.3,0.002,0.031,0.011,0.009,3.6,3.73,Composite Tube/Tube composite,mg/L,FALSE,FALSE,-0.2837420847894072,TRUE
CHL0203,ST097,1998-06-10,1,NA,1000,11.1,0.002,0.022,0.007,0.007,2.47,2.55,Composite Tube/Tube composite,mg/L,FALSE,FALSE,-0.2547486375641079,FALSE
CHL0204,ST097,1998-06-10,2,NA,1000,10,0.001,0.026000000000000002,0.008,0.007,2.76,2.86,Composite Tube/Tube composite,mg/L,FALSE,FALSE,-0.25502129216175096,FALSE
CHL0205,ST066,1998-06-10,1,NA,1000,9.5,0.001,0.012,0.004,0.004,1.16,1.2,Composite Tube/Tube composite,mg/L,FALSE,FALSE,-0.20317216334716748,FALSE
CHL0206,ST066,1998-06-10,2,NA,1000,11.5,0.002,0.012,0.004,0.004,1.29,1.33,Composite Tube/Tube composite,mg/L,FALSE,FALSE,-0.21225990506335246,FALSE
CHL0207,ST065,1998-06-10,1,NA,1000,9.3,0.001,0.014,0.004,0.003,1.35,1.39,Composite Tube/Tube composite,mg/L,FALSE,FALSE,-0.2164542473938995,FALSE
CHL0208,ST065,1998-06-10,2,NA,1000,8.1,0.002,0.013000000000000001,0.005,0.004,0.99,1.02,Composite Tube/Tube composite,mg/L,FALSE,FALSE,-0.2012881934106181,FALSE
CHL0209,ST067,1998-06-10,1,NA,1000,9.7,0,0.012,0.003,0.003,1.29,1.34,Composite Tube/Tube composite,mg/L,FALSE,FALSE,-0.20225990506335245,FALSE
CHL0210,ST067,1998-06-10,2,NA,1000,10.5,0,0.011,0.003,0.002,1.28,1.32,Composite Tube/Tube composite,mg/L,FALSE,FALSE,-0.21156084800826136,FALSE
CHL0211,ST079,1998-06-11,1,NA,1000,11.8,0.002,0.032,0.01,0.008,3.92,4.06,Composite Tube/Tube composite,mg/L,FALSE,FALSE,-0.2961119105523249,TRUE
CHL0212,ST079,1998-06-11,2,NA,1000,9.5,0.002,0.034,0.01,0.007,3.38,3.49,Composite Tube/Tube composite,mg/L,FALSE,FALSE,-0.28836282957740167,TRUE
CHL0213,ST080,1998-06-11,1,NA,1000,9.4,0.002,0.041,0.013,0.01,4.05,4.19,Composite Tube/Tube composite,mg/L,FALSE,FALSE,-0.30519965226850854,TRUE
CHL0214,ST080,1998-06-11,2,NA,1000,10.3,0.001,0.037,0.011,0.008,4.1,4.24,Composite Tube/Tube composite,mg/L,FALSE,FALSE,-0.30869493754396427,TRUE
CHL0215,ST081,1998-06-11,1,NA,1000,9.8,0.002,0.04,0.012,0.009,4.13,4.27,Composite Tube/Tube composite,mg/L,FALSE,FALSE,-0.31079210870923824,TRUE
CHL0216,ST081,1998-06-11,2,NA,1000,10,0.001,0.034,0.01,0.008,3.65,3.78,Composite Tube/Tube composite,mg/L,FALSE,FALSE,-0.28723737006486294,TRUE
CHL0217,ST079,1998-06-24,1,NA,500,10.5,0,0.019,0.007,0.006,4.34,4.51,Composite Tube/Tube composite,mg/L,FALSE,FALSE,-0.2954723068661522,TRUE
CHL0218,ST079,1998-06-24,2,NA,500,9.3,0.001,0.016,0.005,0.005,3.09,3.2,Composite Tube/Tube composite,mg/L,FALSE,FALSE,-0.2680901749797582,FALSE
CHL0219,ST080,1998-06-24,1,NA,500,8.8,0,0.022,0.008,0.007,4.22,4.38,Composite Tube/Tube composite,mg/L,FALSE,FALSE,-0.2970836222050588,TRUE
CHL0220,ST080,1998-06-24,2,NA,1000,9.5,0.001,0.022,0.008,0.006,5.92,0.95,Composite Tube/Tube composite,mg/L,FALSE,FALSE,-5.5459233215705535,TRUE
CHL0221,ST069,1998-06-29,1,NA,1000,10.8,0.001,0.041,0.01,0.011,4.83,4.98,Composite Tube/Tube composite,mg/L,FALSE,FALSE,-0.34972610256561776,TRUE
CHL0222,ST069,1998-06-29,2,NA,1000,11.7,0,0.021,0.006,0.005,2.71,2.81,Composite Tube/Tube composite,mg/L,FALSE,FALSE,-0.25152600688629523,FALSE
CHL0223,ST068,1998-06-29,1,NA,1000,10.3,0.002,0.025,0.006,0.006,2.67,2.75,Composite Tube/Tube composite,mg/L,FALSE,FALSE,-0.2687297786659304,FALSE
CHL0224,ST068,1998-06-29,2,NA,1000,11.5,0,0.018000000000000002,0.006,0.004,2.27,2.35,Composite Tube/Tube composite,mg/L,FALSE,FALSE,-0.24076749646228457,FALSE
CHL0225,ST070,1998-06-29,1,NA,1000,10.2,0.001,0.019,0.007,0.005,2.01,2.08,Composite Tube/Tube composite,mg/L,FALSE,FALSE,-0.23259201302991483,FALSE
CHL0226,ST070,1998-06-29,2,NA,1000,11.7,0.002,0.021,0.007,0.006,2.47,2.55,Composite Tube/Tube composite,mg/L,FALSE,FALSE,-0.2547486375641079,FALSE
CHL0227,ST092,1998-06-29,1,NA,1000,10.5,0.001,0.013000000000000001,0.003,0.004,1.42,1.46,Composite Tube/Tube composite,mg/L,FALSE,FALSE,-0.22134764677953722,FALSE
CHL0228,ST092,1998-06-29,2,NA,1000,9.1,0.003,0.016,0.005,0.007,1.34,1.38,Composite Tube/Tube composite,mg/L,FALSE,FALSE,-0.2157551903388084,FALSE
CHL0229,ST091,1998-06-29,1,NA,1000,10.3,0,0.011,0.004,0.003,1.23,1.28,Composite Tube/Tube composite,mg/L,FALSE,FALSE,-0.19806556273280562,FALSE
CHL0230,ST091,1998-06-29,2,NA,1000,9.1,0.011,0.028,0.018,0.02,1.67,1.74,Composite Tube/Tube composite,mg/L,FALSE,FALSE,-0.20882407315681584,FALSE
CHL0231,ST096,1998-06-29,1,NA,1000,9.7,0.002,0.02,0.007,0.006,1.93,2,Composite Tube/Tube composite,mg/L,FALSE,FALSE,-0.22699955658918558,FALSE
CHL0232,ST096,1998-06-29,2,NA,1000,10.6,0.001,0.023,0.008,0.006,2.56,2.65,Composite Tube/Tube composite,mg/L,FALSE,FALSE,-0.2510401510599283,FALSE
CHL0233,ST093,1998-06-29,1,NA,1000,9.2,0.001,0.018000000000000002,0.003,0.003,1.78,1.83,Composite Tube/Tube composite,mg/L,FALSE,FALSE,-0.23651370076281886,FALSE
CHL0234,ST093,1998-06-29,2,NA,1000,10.8,0,0.011,0.003,0.002,1.32,1.36,Composite Tube/Tube composite,mg/L,FALSE,FALSE,-0.21435707622862576,FALSE
CHL0235,ST095,1998-06-29,1,NA,750,8.6,0.002,0.024,0.006,0.003,2.84,2.92,Composite Tube/Tube composite,mg/L,FALSE,FALSE,-0.2806137486024798,TRUE
CHL0236,ST095,1998-06-29,2,1,500,8.5,0.002,0.018000000000000002,0.006,0.005,3.02,3.12,Composite Tube/Tube composite,mg/L,FALSE,FALSE,-0.2731967755941205,FALSE
CHL0237,ST095,1998-06-29,2,2,500,9,0.002,0.017,0.004,0.002,3.07,3.14,Composite Tube/Tube composite,mg/L,FALSE,FALSE,-0.306692060869576,TRUE
CHL0238,ST097,1998-06-29,1,NA,1000,9.3,0.005,0.04,0.015,0.013,3.6,3.72,Composite Tube/Tube composite,mg/L,FALSE,FALSE,-0.293742084789407,TRUE
CHL0239,ST097,1998-06-29,2,NA,1000,9.6,0,0.028999999999999998,0.009,0.006,3.06,3.17,Composite Tube/Tube composite,mg/L,FALSE,FALSE,-0.26599300381448554,FALSE
CHL0240,ST066,1998-06-29,1,NA,1000,10.5,0,0.012,0.004,0.002,1.38,1.43,Composite Tube/Tube composite,mg/L,FALSE,FALSE,-0.2085514185591728,FALSE
CHL0241,ST066,1998-06-29,2,NA,1000,9.3,0.003,0.022,0.01,0.009,1.92,2,Composite Tube/Tube composite,mg/L,FALSE,FALSE,-0.21630049953409447,FALSE
CHL0242,ST065,1998-06-29,1,NA,1000,10.4,0.003,0.017,0.004,0.002,1.67,1.71,Composite Tube/Tube composite,mg/L,FALSE,FALSE,-0.23882407315681586,FALSE
CHL0243,ST065,1998-06-29,2,NA,1000,9,0.005,0.023,0.011,0.01,1.77,1.84,Composite Tube/Tube composite,mg/L,FALSE,FALSE,-0.2158146437077273,FALSE
CHL0244,ST067,1998-06-29,1,NA,1000,10.2,0.002,0.013000000000000001,0.005,0.005,1.24,1.28,Composite Tube/Tube composite,mg/L,FALSE,FALSE,-0.20876461978789673,FALSE
CHL0245,ST067,1998-06-29,2,NA,1000,10.7,0.001,0.01,0.003,0.003,1.08,1.11,Composite Tube/Tube composite,mg/L,FALSE,FALSE,-0.20757970690643845,FALSE
CHL0246,ST079,1998-07-14,1,NA,1000,9.2,0,0.017,0.005,0.002,1.72,1.78,Composite Tube/Tube composite,mg/L,FALSE,FALSE,-0.2223193584322718,FALSE
CHL0247,ST079,1998-07-14,2,NA,1000,12.3,0,0.016,0.004,0.004,2.19,2.26,Composite Tube/Tube composite,mg/L,FALSE,FALSE,-0.24517504002155555,FALSE
CHL0248,ST080,1998-07-14,1,NA,1000,13.4,0,0.016,0.004,0.001,2.38,2.46,Composite Tube/Tube composite,mg/L,FALSE,FALSE,-0.24845712406828735,FALSE
CHL0249,ST080,1998-07-14,2,NA,1000,10,0,0.023,0.006,0.004,2.55,2.64,Composite Tube/Tube composite,mg/L,FALSE,FALSE,-0.2503410940048365,FALSE
CHL0250,ST081,1998-07-14,1,NA,1000,8.8,0,0.021,0.006,0.004,2.04,2.11,Composite Tube/Tube composite,mg/L,FALSE,FALSE,-0.23468918419518836,FALSE
CHL0251,ST081,1998-07-14,2,NA,1000,10.8,0.001,0.022,0.006,0.002,2.52,2.61,Composite Tube/Tube composite,mg/L,FALSE,FALSE,-0.24824392283956342,FALSE
CHL0252,ST069,1998-07-15,1,NA,1000,10,0.002,0.028999999999999998,0.007,0.006,3.04,3.13,Composite Tube/Tube composite,mg/L,FALSE,FALSE,-0.2845948897043029,TRUE
CHL0253,ST069,1998-07-15,2,NA,1000,9.7,0.005,0.028,0.017,0.017,2.36,2.47,Composite Tube/Tube composite,mg/L,FALSE,FALSE,-0.2170590099581049,FALSE
CHL0254,ST068,1998-07-15,1,NA,1000,9.8,0.001,0.025,0.008,0.007,2.6,2.69,Composite Tube/Tube composite,mg/L,FALSE,FALSE,-0.2538363792802927,FALSE
CHL0255,ST068,1998-07-15,2,NA,1000,10.5,0.001,0.022,0.007,0.004,2.43,2.52,Composite Tube/Tube composite,mg/L,FALSE,FALSE,-0.2419524093437433,FALSE
CHL0256,ST070,1998-07-15,1,NA,1000,10,0,0.025,0.006,0.005,2.79,2.87,Composite Tube/Tube composite,mg/L,FALSE,FALSE,-0.27711846332702406,TRUE
CHL0257,ST070,1998-07-15,2,NA,1000,11.2,0.001,0.01,0.007,0.006,1.03,1.1,Composite Tube/Tube composite,mg/L,FALSE,FALSE,-0.1640844216309827,FALSE
CHL0258,ST092,1998-07-15,1,NA,1000,9.6,0.001,0.018000000000000002,0.004,0.005,1.84,1.89,Composite Tube/Tube composite,mg/L,FALSE,FALSE,-0.2407080430933657,FALSE
CHL0259,ST092,1998-07-15,2,NA,1000,13,0.002,0.011,0.005,0.006,1.28,1.33,Composite Tube/Tube composite,mg/L,FALSE,FALSE,-0.20156084800826135,FALSE
CHL0260,ST091,1998-07-15,1,NA,1000,10.2,0,0.014,0.002,0.002,1.62,1.66,Composite Tube/Tube composite,mg/L,FALSE,FALSE,-0.23532878788136036,FALSE
CHL0261,ST091,1998-07-15,2,NA,1000,11,0.002,0.015,0.005,0.004,1.6,1.65,Composite Tube/Tube composite,mg/L,FALSE,FALSE,-0.22393067377117815,FALSE
CHL0262,ST096,1998-07-15,1,NA,1000,11.2,0.001,0.025,0.006,0.004,3.01,3.1,Composite Tube/Tube composite,mg/L,FALSE,FALSE,-0.2824977185390294,TRUE
CHL0263,ST096,1998-07-15,2,1,400,10,0.005,0.017,0.008,0.007,3.33,3.44,Composite Tube/Tube composite,mg/L,FALSE,FALSE,-0.2848675443019464,TRUE
CHL0264,ST096,1998-07-15,2,2,400,13.4,0.001,0.018000000000000002,0.006,0.004,6.28,6.5,Composite Tube/Tube composite,mg/L,FALSE,FALSE,-0.3810893755538345,TRUE
CHL0265,ST093,1998-07-15,1,NA,1000,10.4,0,0.013000000000000001,0.004,0.001,1.48,1.54,Composite Tube/Tube composite,mg/L,FALSE,FALSE,-0.20554198911008426,FALSE
CHL0266,ST093,1998-07-15,2,NA,1000,9.5,0.001,0.015,0.005,0.004,1.47,1.52,Composite Tube/Tube composite,mg/L,FALSE,FALSE,-0.21484293205499294,FALSE
CHL0267,ST095,1998-07-15,1,1,700,11.4,0.003,0.024,0.009,0.005,3.77,3.9,Composite Tube/Tube composite,mg/L,FALSE,FALSE,-0.29562605472595704,TRUE
CHL0268,ST095,1998-07-15,1,2,300,11.2,0.001,0.019,0.003,0.003,7.67,7.85,Composite Tube/Tube composite,mg/L,FALSE,FALSE,-0.5182583062115036,TRUE
CHL0269,ST095,1998-07-15,2,1,400,9.1,0.002,0.015,0.004,0.003,3.35,3.44,Composite Tube/Tube composite,mg/L,FALSE,FALSE,-0.3062656584121286,TRUE
CHL0270,ST095,1998-07-15,2,2,400,11,0,0.019,0.005,0.003,5.79,5.99,Composite Tube/Tube composite,mg/L,FALSE,FALSE,-0.3668355798543681,TRUE
CHL0271,ST097,1998-07-15,1,2,400,12,0.001,0.014,0.003,0.003,4.42,4.53,Composite Tube/Tube composite,mg/L,FALSE,FALSE,-0.36106476330688153,TRUE
CHL0272,ST097,1998-07-15,1,1,600,13,0.002,0.018000000000000002,0.005,0.003,3.9,4.01,Composite Tube/Tube composite,mg/L,FALSE,FALSE,-0.3247137964421416,TRUE
CHL0273,ST097,1998-07-15,2,1,600,10.1,0,0.02,0.006,0.003,3.71,3.84,Composite Tube/Tube composite,mg/L,FALSE,FALSE,-0.29143171239541044,TRUE
CHL0274,ST097,1998-07-15,2,2,400,13.1,0,0.009,0.003,0.002,3.23,3.35,Composite Tube/Tube composite,mg/L,FALSE,FALSE,-0.2678769737510347,FALSE
CHL0275,ST066,1998-07-15,1,NA,1000,9.7,0.001,0.017,0.004,0.003,1.75,1.8,Composite Tube/Tube composite,mg/L,FALSE,FALSE,-0.2344165295975451,FALSE
CHL0276,ST066,1998-07-15,2,NA,1000,11.7,0.003,0.014,0.003,0.003,1.5,1.53,Composite Tube/Tube composite,mg/L,FALSE,FALSE,-0.23694010322026648,FALSE
CHL0277,ST065,1998-07-15,1,NA,1000,9,0,0.013000000000000001,0.004,0.003,1.29,1.33,Composite Tube/Tube composite,mg/L,FALSE,FALSE,-0.21225990506335246,FALSE
CHL0278,ST065,1998-07-15,2,NA,1000,13.3,0.001,0.01,0.003,0.003,1.34,1.38,Composite Tube/Tube composite,mg/L,FALSE,FALSE,-0.2157551903388084,FALSE
CHL0279,ST067,1998-07-15,1,NA,1000,10.2,0.001,0.013000000000000001,0.004,0.002,1.36,1.4,Composite Tube/Tube composite,mg/L,FALSE,FALSE,-0.21715330444899061,FALSE
CHL0280,ST069,1998-07-17,1,NA,1000,9.6,0,0.013000000000000001,0.006,0.004,1.33,1.39,,mg/L,FALSE,FALSE,-0.1950561332837173,FALSE
CHL0281,ST069,1998-07-17,2,NA,1000,10,0,0.012,0.005,0.003,1.29,1.35,,mg/L,FALSE,FALSE,-0.19225990506335244,FALSE
CHL0282,ST068,1998-07-17,1,NA,1000,10,0.001,0.014,0.003,0.003,1.47,1.51,,mg/L,FALSE,FALSE,-0.22484293205499295,FALSE
CHL0283,ST068,1998-07-17,2,NA,1000,9.8,0.002,0.012,0.006,0.005,1.06,1.1,,mg/L,FALSE,FALSE,-0.19618159279625602,FALSE
CHL0284,ST070,1998-07-17,1,NA,1000,8.8,0.002,0.014,0.005,0.003,1.17,1.21,,mg/L,FALSE,FALSE,-0.20387122040225858,FALSE
CHL0285,ST070,1998-07-17,2,NA,1000,9.1,0.002,0.013000000000000001,0.003,0.003,1.15,1.17,,mg/L,FALSE,FALSE,-0.2224731062920764,FALSE
CHL0286,ST079,1998-07-18,1,NA,1000,9.2,0.001,0.025,0.007,0.005,2.45,2.53,,mg/L,FALSE,FALSE,-0.2533505234539257,FALSE
CHL0287,ST079,1998-07-18,2,NA,1000,10.3,0.004,0.028999999999999998,0.012,0.01,2.83,2.93,,mg/L,FALSE,FALSE,-0.2599146915473889,FALSE
CHL0288,ST080,1998-07-18,1,NA,1000,10.8,0.002,0.022,0.006,0.005,2.42,2.5,,mg/L,FALSE,FALSE,-0.25125335228865175,FALSE
CHL0289,ST081,1998-07-18,1,NA,1000,9.3,0.003,0.025,0.008,0.007,2.28,2.36,,mg/L,FALSE,FALSE,-0.2414665535173759,FALSE
CHL0290,ST081,1998-07-18,2,NA,1000,11.5,0.001,0.021,0.006,0.004,2.56,2.64,,mg/L,FALSE,FALSE,-0.26104015105992806,FALSE
CHL0291,ST069,1998-08-04,1,NA,800,9.4,0.003,0.017,0.005,0.005,1.87,1.92,Composite Tube/Tube composite,mg/L,FALSE,FALSE,-0.242805214258639,FALSE
CHL0292,ST069,1998-08-04,2,NA,650,11.1,0.001,0.01,0.005,0.004,1.65,1.72,Composite Tube/Tube composite,mg/L,FALSE,FALSE,-0.20742595904663363,FALSE
CHL0293,ST068,1998-08-04,1,NA,1000,10.2,0.007,0.019,0.009,0.007,1.38,1.42,Composite Tube/Tube composite,mg/L,FALSE,FALSE,-0.21855141855917282,FALSE
CHL0294,ST068,1998-08-04,2,NA,1000,10.4,0.001,0.019,0.007,0.006,2.05,2.13,Composite Tube/Tube composite,mg/L,FALSE,FALSE,-0.22538824125027945,FALSE
CHL0295,ST070,1998-08-04,1,NA,1000,13.2,0.01,0.022,0.013,0.014,1.76,1.82,Composite Tube/Tube composite,mg/L,FALSE,FALSE,-0.2251155866526362,FALSE
CHL0296,ST070,1998-08-04,2,NA,1000,10,0,0.015,0.004,0.004,1.66,1.72,Composite Tube/Tube composite,mg/L,FALSE,FALSE,-0.21812501610172474,FALSE
CHL0297,ST092,1998-08-04,1,NA,800,9.3,0,0.01,0.003,0.002,1.28,1.33,Composite Tube/Tube composite,mg/L,FALSE,FALSE,-0.20156084800826135,FALSE
CHL0298,ST092,1998-08-04,2,NA,1000,11,0,0.01,0.003,0.003,1.21,1.26,Composite Tube/Tube composite,mg/L,FALSE,FALSE,-0.1966674486226232,FALSE
CHL0299,ST091,1998-08-04,1,NA,800,11.4,0.002,0.009,0.004,0.003,1.1,1.14,Composite Tube/Tube composite,mg/L,FALSE,FALSE,-0.19897782101662087,FALSE
CHL0300,ST091,1998-08-04,2,NA,800,10.5,0.005,0.014,0.007,0.006,1.32,1.36,Composite Tube/Tube composite,mg/L,FALSE,FALSE,-0.21435707622862576,FALSE
CHL0301,ST096,1998-08-04,1,NA,1000,9,0.002,0.054000000000000006,0.017,0.014,5.17,5.35,Composite Tube/Tube composite,mg/L,FALSE,FALSE,-0.34349404243871806,TRUE
CHL0302,ST096,1998-08-04,2,NA,900,8.8,0.002,0.052000000000000005,0.016,0.013,5.41,5.59,Composite Tube/Tube composite,mg/L,FALSE,FALSE,-0.3602714117609054,TRUE
CHL0303,ST093,1998-08-04,1,NA,1000,9.3,0.002,0.013000000000000001,0.004,0.003,1.15,1.18,Composite Tube/Tube composite,mg/L,FALSE,FALSE,-0.21247310629207639,FALSE
CHL0304,ST093,1998-08-04,2,NA,1000,12.3,0.001,0.012,0.003,0.004,1.53,1.57,Composite Tube/Tube composite,mg/L,FALSE,FALSE,-0.22903727438554,FALSE
CHL0305,ST095,1998-08-04,1,NA,1000,8.8,0.002,0.05,0.016,0.013,4.66,4.82,Composite Tube/Tube composite,mg/L,FALSE,FALSE,-0.327842132629069,TRUE
CHL0306,ST095,1998-08-04,2,NA,900,9.3,0.002,0.042,0.013,0.011,4.57,4.73,Composite Tube/Tube composite,mg/L,FALSE,FALSE,-0.3215506191332489,TRUE
CHL0307,ST097,1998-08-04,1,NA,1000,8.8,0,0.042,0.012,0.01,4.08,4.22,Composite Tube/Tube composite,mg/L,FALSE,FALSE,-0.3072968234337825,TRUE
CHL0308,ST097,1998-08-04,2,NA,1000,10.6,0.001,0.034999999999999996,0.01,0.008,4,4.13,Composite Tube/Tube composite,mg/L,FALSE,FALSE,-0.3117043669930535,TRUE
CHL0309,ST066,1998-08-04,1,NA,1000,9.7,0,0.017,0.005,0.004,1.82,1.88,Composite Tube/Tube composite,mg/L,FALSE,FALSE,-0.22930992898318348,FALSE
CHL0310,ST066,1998-08-04,2,NA,1000,9.8,0.007,0.024,0.015,0.016,1.78,1.86,Composite Tube/Tube composite,mg/L,FALSE,FALSE,-0.20651370076281883,FALSE
CHL0311,ST065,1998-08-04,1,NA,1000,10.3,0,0.015,0.004,0.002,1.71,1.77,Composite Tube/Tube composite,mg/L,FALSE,FALSE,-0.22162030137718047,FALSE
CHL0312,ST065,1998-08-04,2,NA,1000,13,0,0.008,0.004,0.004,1.1,1.16,Composite Tube/Tube composite,mg/L,FALSE,FALSE,-0.17897782101662085,FALSE
CHL0313,ST067,1998-08-04,1,NA,1000,11.8,0,0.016,0.005,0.004,2.07,2.15,Composite Tube/Tube composite,mg/L,FALSE,FALSE,-0.22678635536046166,FALSE
CHL0314,ST067,1998-08-04,2,NA,1000,9.6,0,0.015,0.002,0.003,1.64,1.68,Composite Tube/Tube composite,mg/L,FALSE,FALSE,-0.23672690199154256,FALSE
CHL0315,ST079,1998-08-05,1,NA,1000,8.5,0.003,0.026000000000000002,0.008,0.008,2.19,2.25,Composite Tube/Tube composite,mg/L,FALSE,FALSE,-0.25517504002155533,FALSE
CHL0316,ST079,1998-08-05,2,NA,1000,9.5,0.002,0.031,0.01,0.007,3.05,3.15,Composite Tube/Tube composite,mg/L,FALSE,FALSE,-0.275293946759394,TRUE
CHL0317,ST080,1998-08-05,1,NA,1000,10.7,0,0.019,0.006,0.005,2.23,2.31,Composite Tube/Tube composite,mg/L,FALSE,FALSE,-0.23797126824192016,FALSE
CHL0318,ST080,1998-08-05,2,NA,1000,8.6,0.002,0.024,0.008,0.007,2.1,2.17,Composite Tube/Tube composite,mg/L,FALSE,FALSE,-0.2388835265257354,FALSE
CHL0319,ST081,1998-08-05,1,NA,1000,9.4,0.003,0.027,0.009,0.007,2.51,2.59,Composite Tube/Tube composite,mg/L,FALSE,FALSE,-0.25754486578447233,FALSE
CHL0320,ST081,1998-08-05,2,NA,1000,9.3,0.002,0.026000000000000002,0.008,0.007,2.48,2.56,Composite Tube/Tube composite,mg/L,FALSE,FALSE,-0.2554476946191988,FALSE
CHL0321,ST092,1998-08-17,1,NA,1000,11,0.001,0.014,0.005,0.004,1.57,1.63,Composite Tube/Tube composite,mg/L,FALSE,FALSE,-0.2118335026059046,FALSE
CHL0322,ST092,1998-08-17,2,NA,1000,12.3,0.001,0.012,0.004,0.004,1.5,1.55,Composite Tube/Tube composite,mg/L,FALSE,FALSE,-0.21694010322026647,FALSE
CHL0323,ST091,1998-08-17,1,NA,1000,12.4,0.004,0.013000000000000001,0.007,0.006,1.22,1.27,Composite Tube/Tube composite,mg/L,FALSE,FALSE,-0.1973665056777143,FALSE
CHL0324,ST091,1998-08-17,2,NA,1000,9.5,0.001,0.007,0.003,0.003,0.62,0.65,Composite Tube/Tube composite,mg/L,FALSE,FALSE,-0.1754230823722457,FALSE
CHL0325,ST096,1998-08-17,1,NA,1000,10.5,0.001,0.065,0.018,0.016,7.45,7.7,Composite Tube/Tube composite,mg/L,FALSE,FALSE,-0.43287905099949864,TRUE
CHL0326,ST096,1998-08-17,2,NA,1000,9.2,0.002,0.068,0.019,0.017,6.74,6.97,Composite Tube/Tube composite,mg/L,FALSE,FALSE,-0.4032460000880276,TRUE
CHL0327,ST093,1998-08-17,1,NA,1000,13.5,0.001,0.012,0.004,0.004,1.65,1.7,Composite Tube/Tube composite,mg/L,FALSE,FALSE,-0.22742595904663365,FALSE
CHL0328,ST093,1998-08-17,2,NA,1000,11.3,0.002,0.012,0.005,0.005,1.25,1.29,Composite Tube/Tube composite,mg/L,FALSE,FALSE,-0.20946367684298783,FALSE
CHL0329,ST095,1998-08-17,1,NA,1000,9.8,0.001,0.07200000000000001,0.02,0.018,7.71,7.97,Composite Tube/Tube composite,mg/L,FALSE,FALSE,-0.44105453443186793,TRUE
CHL0330,ST095,1998-08-17,2,NA,1000,9.6,0,0.07300000000000001,0.019,0.017,7.78,8.04,Composite Tube/Tube composite,mg/L,FALSE,FALSE,-0.4459479338175072,TRUE
CHL0331,ST097,1998-08-17,1,NA,1000,13.2,0.001,0.049,0.014,0.012,7.02,7.26,Composite Tube/Tube composite,mg/L,FALSE,FALSE,-0.4128195976305795,TRUE
CHL0332,ST097,1998-08-17,2,NA,1000,10.2,0.003,0.062,0.017,0.014,6.71,6.92,Composite Tube/Tube composite,mg/L,FALSE,FALSE,-0.42114882892275407,TRUE
CHL0333,ST066,1998-08-17,1,NA,1000,9.3,0.003,0.039,0.014,0.011,3.68,3.82,Composite Tube/Tube composite,mg/L,FALSE,FALSE,-0.2793345412301371,TRUE
CHL0334,ST066,1998-08-17,2,NA,1000,13.4,0.001,0.014,0.005,0.003,1.91,1.98,Composite Tube/Tube composite,mg/L,FALSE,FALSE,-0.22560144247900338,FALSE
CHL0335,ST065,1998-08-17,1,NA,1000,13.9,0.002,0.011,0.005,0.004,1.37,1.42,Composite Tube/Tube composite,mg/L,FALSE,FALSE,-0.2078523615040817,FALSE
CHL0336,ST065,1998-08-17,2,NA,1000,13,0.001,0.012,0.004,0.003,1.58,1.64,Composite Tube/Tube composite,mg/L,FALSE,FALSE,-0.21253255966099593,FALSE
CHL0337,ST067,1998-08-17,1,NA,1000,10.3,0.002,0.016,0.006,0.004,1.59,1.65,Composite Tube/Tube composite,mg/L,FALSE,FALSE,-0.21323161671608704,FALSE
CHL0338,ST067,1998-08-17,2,NA,800,11,0.001,0.01,0.003,0.002,1.38,1.43,Composite Tube/Tube composite,mg/L,FALSE,FALSE,-0.2085514185591728,FALSE
CHL0339,ST079,1998-08-18,1,NA,1000,11.1,0,0.017,0.005,0.003,2.08,2.15,Composite Tube/Tube composite,mg/L,FALSE,FALSE,-0.2374854124155532,FALSE
CHL0340,ST069,1998-09-02,1,NA,1000,10.8,0.002,0.011,0.004,0.002,1.08,1.12,Composite Tube/Tube composite,mg/L,FALSE,FALSE,-0.19757970690643845,FALSE
CHL0341,ST069,1998-09-02,2,NA,1000,10.6,0.003,0.014,0.007,0.005,1.27,1.32,Composite Tube/Tube composite,mg/L,FALSE,FALSE,-0.20086179095317003,FALSE
CHL0342,ST068,1998-09-02,1,NA,1000,12,0.001,0.01,0.004,0.002,1.18,1.23,Composite Tube/Tube composite,mg/L,FALSE,FALSE,-0.1945702774573499,FALSE
CHL0343,ST068,1998-09-02,2,NA,1000,10.3,0.001,0.014,0.004,0.002,1.49,1.54,Composite Tube/Tube composite,mg/L,FALSE,FALSE,-0.21624104616517537,FALSE
CHL0344,ST070,1998-09-02,1,NA,1000,10.8,0.002,0.013000000000000001,0.004,0.003,1.34,1.38,Composite Tube/Tube composite,mg/L,FALSE,FALSE,-0.2157551903388084,FALSE
CHL0345,ST070,1998-09-02,2,NA,1000,12.8,0.002,0.011,0.004,0.003,1.29,1.33,Composite Tube/Tube composite,mg/L,FALSE,FALSE,-0.21225990506335246,FALSE
CHL0346,ST092,1998-09-02,1,NA,1000,13.1,0.004,0.06,0.019,0.015,8.13,8.4,Composite Tube/Tube composite,mg/L,FALSE,FALSE,-0.4604149307456957,TRUE
CHL0347,ST092,1998-09-02,2,NA,1000,11,0.004,0.016,0.006,0.005,1.49,1.53,Composite Tube/Tube composite,mg/L,FALSE,FALSE,-0.22624104616517537,FALSE
CHL0348,ST091,1998-09-02,1,NA,1000,10.9,0.001,0.018000000000000002,0.006,0.007,2.05,2.12,Composite Tube/Tube composite,mg/L,FALSE,FALSE,-0.23538824125027924,FALSE
CHL0349,ST091,1998-09-02,2,NA,1000,10.4,0.002,0.015,0.006,0.004,1.49,1.54,Composite Tube/Tube composite,mg/L,FALSE,FALSE,-0.21624104616517537,FALSE
CHL0350,ST096,1998-09-02,1,NA,1000,9,0.002,0.061,0.015,0.015,5.94,6.12,Composite Tube/Tube composite,mg/L,FALSE,FALSE,-0.39732143568073575,TRUE
CHL0351,ST096,1998-09-02,2,1,500,11.8,0.005,0.031,0.01,0.01,6.9,7.1,Composite Tube/Tube composite,mg/L,FALSE,FALSE,-0.44443091296948634,TRUE
CHL0352,ST096,1998-09-02,2,2,500,12.8,0.003,0.028,0.008,0.008,7.19,7.4,Composite Tube/Tube composite,mg/L,FALSE,FALSE,-0.4547035675671287,TRUE
CHL0353,ST093,1998-09-02,1,NA,1000,10.3,0.001,0.015,0.004,0.005,1.62,1.66,Composite Tube/Tube composite,mg/L,FALSE,FALSE,-0.23532878788136036,FALSE
CHL0354,ST093,1998-09-02,2,NA,1000,9.5,0.002,0.018000000000000002,0.006,0.004,1.69,1.74,Composite Tube/Tube composite,mg/L,FALSE,FALSE,-0.23022218726699828,FALSE
CHL0355,ST095,1998-09-02,1,NA,1000,12,0.003,0.052000000000000005,0.014,0.014,6.57,6.78,Composite Tube/Tube composite,mg/L,FALSE,FALSE,-0.4113620301514782,TRUE
CHL0356,ST095,1998-09-02,2,NA,1000,10.7,0.002,0.056,0.014,0.013,6.46,6.66,Composite Tube/Tube composite,mg/L,FALSE,FALSE,-0.4136724025454752,TRUE
CHL0357,ST097,1998-09-02,1,NA,1000,11.1,0.002,0.055,0.016,0.015,6.53,6.74,Composite Tube/Tube composite,mg/L,FALSE,FALSE,-0.4085658019311129,TRUE
CHL0358,ST097,1998-09-02,2,NA,1000,10.5,0.001,0.059000000000000004,0.016,0.014,6.76,6.99,Composite Tube/Tube composite,mg/L,FALSE,FALSE,-0.40464411419820934,TRUE
CHL0359,ST066,1998-09-02,1,NA,1000,11.6,0.002,0.017,0.007,0.005,1.9,1.98,Composite Tube/Tube composite,mg/L,FALSE,FALSE,-0.21490238542391227,FALSE
CHL0360,ST066,1998-09-02,2,NA,1000,14.1,0.002,0.017,0.007,0.008,2.32,2.4,Composite Tube/Tube composite,mg/L,FALSE,FALSE,-0.2442627817377403,FALSE
CHL0361,ST065,1998-09-02,1,NA,1000,11.2,0.01,0.027,0.014,0.013,2.12,2.19,Composite Tube/Tube composite,mg/L,FALSE,FALSE,-0.24028164063591761,FALSE
CHL0362,ST065,1998-09-02,2,NA,1000,11.5,0.001,0.017,0.005,0.004,2.05,2.11,Composite Tube/Tube composite,mg/L,FALSE,FALSE,-0.24538824125027947,FALSE
CHL0363,ST067,1998-09-02,1,NA,1000,11,0.004,0.02,0.008,0.006,1.96,2.02,Composite Tube/Tube composite,mg/L,FALSE,FALSE,-0.23909672775445934,FALSE
CHL0364,ST067,1998-09-02,2,NA,1000,12.8,0.004,0.019,0.008,0.008,2.13,2.2,Composite Tube/Tube composite,mg/L,FALSE,FALSE,-0.2409806976910085,FALSE
CHL0365,ST079,1998-09-03,1,NA,1000,11.7,0.001,0.025,0.007,0.006,3.12,3.22,Composite Tube/Tube composite,mg/L,FALSE,FALSE,-0.28018734614503193,TRUE
CHL0366,ST079,1998-09-03,2,NA,1000,9.5,0.013,0.045,0.025,0.024,3.3,3.44,Composite Tube/Tube composite,mg/L,FALSE,FALSE,-0.2527703731366726,FALSE
CHL0367,ST080,1998-09-03,1,NA,1000,13.2,0.009,0.034,0.017,0.015,3.62,3.75,Composite Tube/Tube composite,mg/L,FALSE,FALSE,-0.2851401988995894,TRUE
CHL0368,ST080,1998-09-03,2,NA,1000,10.2,0.004,0.036,0.01,0.01,3.67,3.78,Composite Tube/Tube composite,mg/L,FALSE,FALSE,-0.30863548417504516,TRUE
CHL0369,ST081,1998-09-03,1,NA,1000,10.5,0.001,0.033,0.009,0.008,3.74,3.86,Composite Tube/Tube composite,mg/L,FALSE,FALSE,-0.30352888356068375,TRUE
CHL0370,ST081,1998-09-03,2,NA,1000,9.8,0.001,0.033,0.009,0.008,3.49,3.6,Composite Tube/Tube composite,mg/L,FALSE,FALSE,-0.29605245718340445,TRUE
CHL0371,ST079,1998-09-14,1,NA,1000,11.8,0,0.028,0.007,0.006,3.67,3.79,Composite Tube/Tube composite,mg/L,FALSE,FALSE,-0.29863548417504493,TRUE
CHL0372,ST079,1998-09-14,2,NA,1000,9.3,0.002,0.037,0.012,0.01,3.6,3.72,Composite Tube/Tube composite,mg/L,FALSE,FALSE,-0.293742084789407,TRUE
CHL0373,ST080,1998-09-14,1,NA,1000,10.3,0.002,0.041,0.013,0.014,4.44,4.6,Composite Tube/Tube composite,mg/L,FALSE,FALSE,-0.31246287741706436,TRUE
CHL0374,ST080,1998-09-14,2,NA,1000,9.6,0.001,0.042,0.011,0.01,4.38,4.52,Composite Tube/Tube composite,mg/L,FALSE,FALSE,-0.3282685350865169,TRUE
CHL0375,ST081,1998-09-14,1,NA,1000,11.3,0.001,0.038,0.009,0.009,4.68,4.82,Composite Tube/Tube composite,mg/L,FALSE,FALSE,-0.34924024673925036,TRUE
CHL0376,ST081,1998-09-14,2,NA,1000,12.8,0.001,0.03,0.008,0.005,4.13,4.26,Composite Tube/Tube composite,mg/L,FALSE,FALSE,-0.320792108709238,TRUE
CHL0377,ST069,1998-09-15,2,NA,980,13.2,0.002,0.012,0.005,0.005,1.48,1.54,Composite Tube/Tube composite,mg/L,FALSE,FALSE,-0.20554198911008426,FALSE
CHL0378,ST070,1998-09-15,1,NA,1000,12.8,0.001,0.011,0.003,0.002,1.44,1.48,Composite Tube/Tube composite,mg/L,FALSE,FALSE,-0.22274576088971965,FALSE
CHL0379,ST070,1998-09-15,2,NA,1000,12,0.004,0.013000000000000001,0.006,0.004,1.21,1.24,Composite Tube/Tube composite,mg/L,FALSE,FALSE,-0.21666744862262322,FALSE
CHL0380,ST092,1998-09-15,1,NA,1000,9.2,0,0.031,0.011,0.007,3.11,3.23,Composite Tube/Tube composite,mg/L,FALSE,FALSE,-0.25948828908994104,FALSE
CHL0381,ST091,1998-09-15,1,NA,1000,9.9,0.001,0.012,0.004,0.004,1.21,1.25,Composite Tube/Tube composite,mg/L,FALSE,FALSE,-0.2066674486226232,FALSE
CHL0382,ST091,1998-09-15,2,NA,1000,10.4,0.001,0.01,0.006,0.004,0.98,1.03,Composite Tube/Tube composite,mg/L,FALSE,FALSE,-0.18058913635552698,FALSE
CHL0383,ST093,1998-09-15,1,NA,1000,9.5,0.001,0.012,0.007,0.004,1.1,1.15,Composite Tube/Tube composite,mg/L,FALSE,FALSE,-0.18897782101662086,FALSE
CHL0384,ST093,1998-09-15,2,NA,1000,10.9,0.002,0.013000000000000001,0.004,0.004,1.35,1.39,Composite Tube/Tube composite,mg/L,FALSE,FALSE,-0.2164542473938995,FALSE
CHL0385,ST096,1998-09-16,1,1,500,12.2,0.001,0.02,0.006,0.005,5.14,5.31,Composite Tube/Tube composite,mg/L,FALSE,FALSE,-0.3513968712734439,TRUE
CHL0386,ST096,1998-09-16,1,2,500,10.8,0.002,0.022,0.006,0.005,4.85,4.99,Composite Tube/Tube composite,mg/L,FALSE,FALSE,-0.3611242166758002,TRUE
CHL0387,ST096,1998-09-16,2,1,500,12.3,0.001,0.02,0.01,0.01,4.98,5.22,Composite Tube/Tube composite,mg/L,FALSE,FALSE,-0.270211958391986,FALSE
CHL0388,ST096,1998-09-16,2,2,500,9,0,0.026000000000000002,0.007,0.006,5.19,5.36,Composite Tube/Tube composite,mg/L,FALSE,FALSE,-0.3548921565488996,TRUE
CHL0389,ST095,1998-09-16,1,1,500,10.3,0,0.024,0.006,0.005,5.5,5.68,Composite Tube/Tube composite,mg/L,FALSE,FALSE,-0.3665629252567255,TRUE
CHL0390,ST095,1998-09-16,1,2,500,12,0.001,0.022,0.006,0.006,5.62,5.8,Composite Tube/Tube composite,mg/L,FALSE,FALSE,-0.3749516099178196,TRUE
CHL0391,ST095,1998-09-16,2,1,500,10.6,0.002,0.024,0.006,0.005,5.25,5.4,Composite Tube/Tube composite,mg/L,FALSE,FALSE,-0.37908649887944623,TRUE
CHL0392,ST095,1998-09-16,2,2,500,10.4,0.002,0.022,0.009,0.008,4.54,4.72,Composite Tube/Tube composite,mg/L,FALSE,FALSE,-0.29945344796797535,TRUE
CHL0393,ST097,1998-09-16,1,1,500,11,0.001,0.031,0.009,0.007,7.32,7.56,Composite Tube/Tube composite,mg/L,FALSE,FALSE,-0.4337913092833148,TRUE
CHL0394,ST097,1998-09-16,1,2,500,13.5,0.001,0.018000000000000002,0.005,0.005,5.12,5.28,Composite Tube/Tube composite,mg/L,FALSE,FALSE,-0.3599987571632619,TRUE
CHL0395,ST097,1998-09-16,2,1,500,12.1,0.01,0.036,0.016,0.014,7.02,7.24,Composite Tube/Tube composite,mg/L,FALSE,FALSE,-0.4328195976305791,TRUE
CHL0396,ST097,1998-09-16,2,2,500,10.2,0.001,0.026000000000000002,0.007,0.006,5.68,5.86,Composite Tube/Tube composite,mg/L,FALSE,FALSE,-0.3791459522483649,TRUE
CHL0397,ST066,1998-09-17,1,NA,1000,11.7,0,0.016,0.004,0.002,2.08,2.15,Composite Tube/Tube composite,mg/L,FALSE,FALSE,-0.2374854124155532,FALSE
CHL0398,ST066,1998-09-17,2,NA,1000,12,0,0.018000000000000002,0.004,0.003,2.41,2.49,Composite Tube/Tube composite,mg/L,FALSE,FALSE,-0.2505542952335609,FALSE
CHL0399,ST065,1998-09-17,1,NA,1000,14.5,0.002,0.017,0.007,0.011,2.39,2.48,Composite Tube/Tube composite,mg/L,FALSE,FALSE,-0.23915618112337844,FALSE
CHL0400,ST065,1998-09-17,2,NA,1000,11.7,0,0.016,0.002,0.003,2.13,2.19,Composite Tube/Tube composite,mg/L,FALSE,FALSE,-0.2509806976910087,FALSE
CHL0401,ST067,1998-09-17,1,NA,1000,10,0.002,0.022,0.006,0.006,2.25,2.31,Composite Tube/Tube composite,mg/L,FALSE,FALSE,-0.2593693823521024,FALSE
CHL0402,ST067,1998-09-17,2,NA,1000,10.9,0.001,0.019,0.003,0.004,2.24,2.29,Composite Tube/Tube composite,mg/L,FALSE,FALSE,-0.2686703252970113,FALSE
CHL0403,ST096,1998-10-05,2,NA,1000,9,0.002,0.088,0.025,0.022,8.58,8.87,,mg/L,FALSE,FALSE,-0.4718724982247977,TRUE
CHL0404,ST095,1998-10-05,1,NA,1000,9.2,0.001,0.08700000000000001,0.025,0.022,8.75,9.05,,mg/L,FALSE,FALSE,-0.473756468161346,TRUE
CHL0405,ST095,1998-10-05,2,NA,1000,10.4,0.003,0.07600000000000001,0.02,0.019,8.47,8.74,,mg/L,FALSE,FALSE,-0.4841828706187954,TRUE
CHL0406,ST097,1998-10-05,1,NA,1000,9.7,0.003,0.07400000000000001,0.022,0.019,7.63,7.89,,mg/L,FALSE,FALSE,-0.4354620779911391,TRUE
CHL0407,ST097,1998-10-05,2,NA,1000,9.3,0.003,0.083,0.025,0.021,8.23,8.51,,mg/L,FALSE,FALSE,-0.4574055012966074,TRUE
CHL0408,ST066,1998-10-05,1,NA,1000,12.3,0.001,0.017,0.005,0.005,2.19,2.26,,mg/L,FALSE,FALSE,-0.24517504002155555,FALSE
CHL0409,ST066,1998-10-05,2,NA,1000,12.6,0.001,0.016,0.007,0.006,2.04,2.13,,mg/L,FALSE,FALSE,-0.21468918419518834,FALSE
CHL0410,ST067,1998-10-05,1,NA,1000,11,0.001,0.07,0.019,0.018,8.43,8.7,,mg/L,FALSE,FALSE,-0.4813866423984301,TRUE
CHL0411,ST067,1998-10-05,2,NA,1000,9.9,0.001,0.022,0.006,0.006,2.32,2.39,,mg/L,FALSE,FALSE,-0.2542627817377401,FALSE
CHL0412,ST079,1998-10-06,2,NA,1000,9.4,0.003,0.043000000000000003,0.013,0.012,4.18,4.32,Composite Tube/Tube composite,mg/L,FALSE,FALSE,-0.3142873939846931,TRUE
CHL0413,ST080,1998-10-06,1,NA,1000,9.5,0.006,0.044,0.019,0.018,3.95,4.1,Composite Tube/Tube composite,mg/L,FALSE,FALSE,-0.2882090817175982,TRUE
CHL0414,ST080,1998-10-06,2,NA,1000,9.5,0.006,0.046,0.02,0.02,4.15,4.31,Composite Tube/Tube composite,mg/L,FALSE,FALSE,-0.2921902228194213,TRUE
CHL0415,ST081,1998-10-06,1,NA,1000,8.8,0.003,0.038,0.011,0.01,3.44,3.55,Composite Tube/Tube composite,mg/L,FALSE,FALSE,-0.2925571719079487,TRUE
CHL0416,ST081,1998-10-06,2,NA,1000,9.6,0.002,0.032,0.011,0.01,3.17,3.29,Composite Tube/Tube composite,mg/L,FALSE,FALSE,-0.26368263142048765,FALSE
CHL0417,ST069,1998-10-06,1,NA,1000,9.5,0.01,0.02,0.012,0.012,1.07,1.1,Composite Tube/Tube composite,mg/L,FALSE,FALSE,-0.20688064985134713,FALSE
CHL0418,ST069,1998-10-06,2,NA,1000,9.8,0.004,0.015,0.008,0.009,1.18,1.22,Composite Tube/Tube composite,mg/L,FALSE,FALSE,-0.2045702774573499,FALSE
CHL0419,ST068,1998-10-06,1,NA,1000,9.8,0.004,0.015,0.007,0.007,1.19,1.23,Composite Tube/Tube composite,mg/L,FALSE,FALSE,-0.205269334512441,FALSE
CHL0420,ST068,1998-10-06,2,NA,1000,11,0.003,0.009,0.004,0.002,0.74,0.76,Composite Tube/Tube composite,mg/L,FALSE,FALSE,-0.19381176703333947,FALSE
CHL0421,ST070,1998-10-06,1,NA,1000,10.8,0.002,0.008,0.004,0.002,0.71,0.73,Composite Tube/Tube composite,mg/L,FALSE,FALSE,-0.19171459586806594,FALSE
CHL0422,ST070,1998-10-06,2,NA,1000,14.5,0.006,0.013000000000000001,0.009,0.009,1.09,1.14,Composite Tube/Tube composite,mg/L,FALSE,FALSE,-0.18827876396152976,FALSE
CHL0423,ST092,1998-10-06,1,NA,1000,11.1,0.003,0.009,0.005,0.003,0.73,0.76,Composite Tube/Tube composite,mg/L,FALSE,FALSE,-0.18311270997824824,FALSE
CHL0424,ST092,1998-10-06,2,NA,1000,9,0.002,0.012,0.004,0.002,1.01,1.04,Composite Tube/Tube composite,mg/L,FALSE,FALSE,-0.2026863075208003,FALSE
CHL0425,ST091,1998-10-06,1,NA,1000,10.1,0.002,0.011,0.004,0.004,1.02,1.05,Composite Tube/Tube composite,mg/L,FALSE,FALSE,-0.2033853645758914,FALSE
CHL0426,ST091,1998-10-06,2,NA,1000,9.3,0.001,0.011,0.005,0.004,1,1.05,Composite Tube/Tube composite,mg/L,FALSE,FALSE,-0.18198725046570918,FALSE
CHL0427,ST093,1998-10-06,1,NA,1000,10,0.004,0.017,0.007,0.008,1.45,1.5,Composite Tube/Tube composite,mg/L,FALSE,FALSE,-0.21344481794481074,FALSE
CHL0428,ST093,1998-10-06,2,NA,1000,10.9,0.002,0.009,0.003,0.003,0.87,0.89,Composite Tube/Tube composite,mg/L,FALSE,FALSE,-0.20289950874952434,FALSE
CHL0429,ST065,1998-10-06,1,NA,1000,9.5,0.003,0.021,0.007,0.006,1.91,1.97,Composite Tube/Tube composite,mg/L,FALSE,FALSE,-0.2356014424790034,FALSE
CHL0430,ST065,1998-10-06,2,NA,1000,9.5,0.003,0.023,0.008,0.007,2.11,2.18,Composite Tube/Tube composite,mg/L,FALSE,FALSE,-0.2395825835808263,FALSE
CHL0431,ST067,1998-10-06,2,NA,1000,12.5,0,0.016,0.005,0.005,2.2,2.28,Composite Tube/Tube composite,mg/L,FALSE,FALSE,-0.23587409707664708,FALSE
CHL0432,ST069,1998-11-04,1,NA,1000,9.4,0.002,0.008,0.003,0.002,0.64,0.65,Composite Tube/Tube composite,mg/L,FALSE,FALSE,-0.19682119648242802,FALSE
CHL0433,ST069,1998-11-04,2,NA,1000,10.9,0.003,0.012,0.004,0.003,1.12,1.15,Composite Tube/Tube composite,mg/L,FALSE,FALSE,-0.21037593512680308,FALSE
CHL0434,ST068,1998-11-04,2,NA,1000,9.6,0.001,0.008,0.004,0.002,0.72,0.75,Composite Tube/Tube composite,mg/L,FALSE,FALSE,-0.18241365292315714,FALSE
CHL0435,ST068,1998-11-04,1,NA,1000,9.2,0.001,0.007,0.003,0.002,0.6,0.63,Composite Tube/Tube composite,mg/L,FALSE,FALSE,-0.17402496826206337,FALSE
CHL0436,ST070,1998-11-04,1,NA,1000,9.7,0.001,0.004,0.002,0.002,0.32,0.33,Composite Tube/Tube composite,mg/L,FALSE,FALSE,-0.1744513707195114,FALSE
CHL0437,ST070,1998-11-04,2,NA,1000,11.5,0.001,0.007,0.001,0,0.8,0.82,Composite Tube/Tube composite,mg/L,FALSE,FALSE,-0.1980061093638864,FALSE
CHL0438,ST091,1998-11-04,1,NA,1000,9.3,0.004,0.014,0.006,0.008,1.05,1.08,Composite Tube/Tube composite,mg/L,FALSE,FALSE,-0.20548253574116493,FALSE
CHL0439,ST091,1998-11-04,2,NA,1000,10.1,0.003,0.012,0.003,0.002,1.06,1.08,Composite Tube/Tube composite,mg/L,FALSE,FALSE,-0.21618159279625604,FALSE
CHL0440,ST096,1998-11-04,1,NA,1000,10,0.01,0.045,0.023,0.023,3.81,3.96,Composite Tube/Tube composite,mg/L,FALSE,FALSE,-0.27842228294632143,TRUE
CHL0441,ST096,1998-11-04,2,NA,1000,9.1,0.003,0.063,0.018,0.016,6.07,6.27,Composite Tube/Tube composite,mg/L,FALSE,FALSE,-0.3864091773969216,TRUE
CHL0442,ST093,1998-11-04,1,NA,1000,11.1,0.018,0.03,0.022,0.02,1.46,1.51,Composite Tube/Tube composite,mg/L,FALSE,FALSE,-0.21414387499990184,FALSE
CHL0443,ST093,1998-11-04,2,NA,1000,10.6,0,0.008,0.002,0,0.94,0.97,Composite Tube/Tube composite,mg/L,FALSE,FALSE,-0.19779290813516237,FALSE
CHL0444,ST095,1998-11-04,1,NA,1000,9.4,0.002,0.058,0.015,0.015,5.88,6.06,Composite Tube/Tube composite,mg/L,FALSE,FALSE,-0.3931270933501887,TRUE
CHL0445,ST095,1998-11-04,2,NA,1000,12.7,0.004,0.047,0.015,0.014,6.07,6.27,Composite Tube/Tube composite,mg/L,FALSE,FALSE,-0.3864091773969216,TRUE
CHL0446,ST097,1998-11-04,1,NA,1000,10.2,0,0.047,0.013,0.011,5.31,5.49,Composite Tube/Tube composite,mg/L,FALSE,FALSE,-0.35328084120999304,TRUE
CHL0447,ST097,1998-11-04,2,NA,1000,11.4,0.005,0.042,0.016,0.016,4.65,4.82,Composite Tube/Tube composite,mg/L,FALSE,FALSE,-0.3171430755739779,TRUE
CHL0448,ST066,1998-11-04,1,NA,1000,10.5,0,0.015,0.004,0.003,1.75,1.8,Composite Tube/Tube composite,mg/L,FALSE,FALSE,-0.2344165295975451,FALSE
CHL0449,ST066,1998-11-04,2,NA,1000,9.5,0,0.016,0.005,0.004,1.67,1.73,Composite Tube/Tube composite,mg/L,FALSE,FALSE,-0.21882407315681585,FALSE
CHL0450,ST065,1998-11-04,2,NA,1000,10.4,0,0.014,0.004,0.004,1.61,1.66,Composite Tube/Tube composite,mg/L,FALSE,FALSE,-0.22462973082626925,FALSE
CHL0451,ST065,1998-11-04,1,NA,1000,10,0,0.014,0.004,0.003,1.55,1.6,Composite Tube/Tube composite,mg/L,FALSE,FALSE,-0.2204353884957222,FALSE
CHL0452,ST067,1998-11-04,1,NA,1000,10.3,0,0.016,0.006,0.005,1.79,1.86,Composite Tube/Tube composite,mg/L,FALSE,FALSE,-0.21721275781790994,FALSE
CHL0453,ST067,1998-11-04,2,NA,1000,9.5,0.002,0.015,0.004,0.004,1.4,1.44,Composite Tube/Tube composite,mg/L,FALSE,FALSE,-0.21994953266935502,FALSE
CHL0454,ST079,1998-11-12,1,NA,1000,9.5,0.002,0.10600000000000001,0.025,0.025,11.05,11.39,Composite Tube/Tube composite,mg/L,TRUE,TRUE,-0.5945395908323103,TRUE
CHL0455,ST079,1998-11-12,2,NA,1000,10.8,0.002,0.09,0.024,0.021,10.57,10.91,Composite Tube/Tube composite,mg/L,TRUE,TRUE,-0.5609848521879357,TRUE
CHL0456,ST080,1998-11-12,1,NA,1000,9.6,0.002,0.112,0.029,0.026,11.76,12.13,Composite Tube/Tube composite,mg/L,TRUE,TRUE,-0.6141726417437798,TRUE
CHL0457,ST080,1998-11-12,2,NA,1000,9.9,0.002,0.11,0.028,0.026,11.91,12.29,Composite Tube/Tube composite,mg/L,TRUE,TRUE,-0.614658497570149,TRUE
CHL0458,ST081,1998-11-12,1,NA,1000,9.6,0.002,0.10500000000000001,0.027,0.024,11.01,11.36,Composite Tube/Tube composite,mg/L,TRUE,TRUE,-0.5817433626119453,TRUE
CHL0459,ST081,1998-11-12,2,NA,1000,12,0.001,0.07700000000000001,0.02,0.017,10.14,10.47,Composite Tube/Tube composite,mg/L,TRUE,TRUE,-0.5409253988190166,TRUE
CHL0460,ST068,1999-02-23,1,NA,1000,10.7,0,0.004,0.001,0,0.48,0.49,Composite Tube/Tube composite,mg/L,FALSE,FALSE,-0.18563628360096962,FALSE
CHL0461,ST068,1999-02-23,2,NA,1000,13,0,0.002,0.001,0.001,0.28,0.29,Composite Tube/Tube composite,mg/L,FALSE,FALSE,-0.17165514249914676,FALSE
CHL0462,ST068,1999-02-23,3,NA,1000,12.3,0,0.002,0.001,0.001,0.26,0.27,Composite Tube/Tube composite,mg/L,FALSE,FALSE,-0.1702570283889645,FALSE
CHL0463,ST065,1999-02-23,1,NA,1000,11.2,0,0,0,0.001,0,0,Composite Tube/Tube composite,mg/L,FALSE,FALSE,-0.1620815449565947,FALSE
CHL0464,ST065,1999-02-23,3,NA,1000,12.3,0.003,0.005,0.004,0.004,0.26,0.27,Composite Tube/Tube composite,mg/L,FALSE,FALSE,-0.1702570283889645,FALSE
CHL0465,ST079,1999-03-03,1,NA,1000,12.1,0.001,0.016,0.009,0.01,1.91,2.01,Composite Tube/Tube composite,mg/L,FALSE,FALSE,-0.19560144247900357,FALSE
CHL0466,ST079,1999-03-03,2,NA,1000,11.6,0,0.02,0.006,0.006,2.56,2.65,Composite Tube/Tube composite,mg/L,FALSE,FALSE,-0.2510401510599283,FALSE
CHL0467,ST079,1999-03-03,3,NA,1000,9.9,0.001,0.026000000000000002,0.007,0.006,2.76,2.85,Composite Tube/Tube composite,mg/L,FALSE,FALSE,-0.26502129216175074,FALSE
CHL0468,ST095,1999-04-28,1,NA,1000,13.7,0,0.007,0.002,0,1.06,1.09,Composite Tube/Tube composite,mg/L,FALSE,FALSE,-0.20618159279625603,FALSE
CHL0469,ST095,1999-04-28,2,NA,1000,12.5,0.001,0.009,0.003,0.001,1.11,1.15,Composite Tube/Tube composite,mg/L,FALSE,FALSE,-0.19967687807171197,FALSE
CHL0470,ST095,1999-04-28,3,NA,1000,13.1,0.001,0.01,0.004,0.003,1.29,1.34,Composite Tube/Tube composite,mg/L,FALSE,FALSE,-0.20225990506335245,FALSE
CHL0471,ST065,1999-04-28,1,NA,1000,12.8,0.002,0.014,0.006,0.003,1.68,1.74,Composite Tube/Tube composite,mg/L,FALSE,FALSE,-0.21952313021190717,FALSE
CHL0472,ST065,1999-04-28,2,NA,1000,12.7,0.002,0.01,0.002,0.001,1.18,1.2,Composite Tube/Tube composite,mg/L,FALSE,FALSE,-0.22457027745734992,FALSE
CHL0473,ST065,1999-04-28,3,NA,1000,13.6,0.001,0.011,0.003,0.002,1.53,1.57,Composite Tube/Tube composite,mg/L,FALSE,FALSE,-0.22903727438554,FALSE
CHL0474,ST065,1999-04-28,4,NA,1000,12.4,0,0.013000000000000001,0.003,0.003,1.8,1.86,Composite Tube/Tube composite,mg/L,FALSE,FALSE,-0.22791181487300105,FALSE
CHL0475,ST079,1999-05-06,1,NA,1000,9.9,0.003,0.061,0.019,0.018,6.36,6.57,Composite Tube/Tube composite,mg/L,FALSE,FALSE,-0.39668183199456397,TRUE
CHL0476,ST079,1999-05-06,2,NA,1000,10.1,0,0.046,0.013,0.012,5.14,5.31,Composite Tube/Tube composite,mg/L,FALSE,FALSE,-0.3513968712734439,TRUE
CHL0477,ST079,1999-05-06,3,NA,1000,9.2,0.001,0.057,0.015,0.015,5.73,5.92,Composite Tube/Tube composite,mg/L,FALSE,FALSE,-0.3726412375238217,TRUE
CHL0478,ST079,1999-05-06,4,NA,1000,11.5,0.001,0.049,0.014,0.014,6.12,6.32,Composite Tube/Tube composite,mg/L,FALSE,FALSE,-0.38990446267237644,TRUE
CHL0479,ST068,1999-05-06,1,NA,1000,11,0,0.023,0.006,0.005,2.81,2.9,Composite Tube/Tube composite,mg/L,FALSE,FALSE,-0.2685165774372069,FALSE
CHL0480,ST068,1999-05-06,2,NA,1000,13,0,0.021,0.006,0.004,3.01,3.12,Composite Tube/Tube composite,mg/L,FALSE,FALSE,-0.26249771853902937,FALSE
CHL0481,ST068,1999-05-06,3,NA,1000,13.6,0,0.017,0.004,0.002,2.58,2.66,Composite Tube/Tube composite,mg/L,FALSE,FALSE,-0.26243826517011026,FALSE
CHL0482,ST068,1999-05-06,4,NA,1000,11.4,0.001,0.015,0.004,0.003,1.79,1.84,Composite Tube/Tube composite,mg/L,FALSE,FALSE,-0.23721275781790996,FALSE
CHL0483,ST068,1999-05-18,1,NA,1000,9.6,0,0.011,0.003,0.001,1.17,1.21,Composite Tube/Tube composite,mg/L,FALSE,FALSE,-0.20387122040225858,FALSE
CHL0484,ST068,1999-05-18,2,NA,1000,10.5,0,0.01,0.001,0,1.2,1.23,Composite Tube/Tube composite,mg/L,FALSE,FALSE,-0.21596839156753211,FALSE
CHL0485,ST068,1999-05-18,3,NA,1000,9.7,0.001,0.01,0.004,0.002,0.95,0.99,Composite Tube/Tube composite,mg/L,FALSE,FALSE,-0.18849196519025346,FALSE
CHL0486,ST068,1999-05-18,4,NA,1000,10.3,0.002,0.011,0.005,0.004,1.01,1.05,Composite Tube/Tube composite,mg/L,FALSE,FALSE,-0.1926863075208003,FALSE
CHL0487,ST095,1999-05-18,1,NA,1000,9.9,0.003,0.027,0.01,0.007,2.62,2.71,Composite Tube/Tube composite,mg/L,FALSE,FALSE,-0.2552344933904749,FALSE
CHL0488,ST095,1999-05-18,2,NA,1000,10.5,0.001,0.031,0.009,0.007,3.49,3.61,Composite Tube/Tube composite,mg/L,FALSE,FALSE,-0.28605245718340466,TRUE
CHL0489,ST095,1999-05-18,3,NA,1000,10.2,0,0.033,0.009,0.007,3.73,3.85,Composite Tube/Tube composite,mg/L,FALSE,FALSE,-0.3028298265055924,TRUE
CHL0490,ST065,1999-05-18,1,NA,1000,9,0.004,0.018000000000000002,0.007,0.006,1.41,1.45,Composite Tube/Tube composite,mg/L,FALSE,FALSE,-0.22064858972444612,FALSE
CHL0491,ST065,1999-05-18,2,NA,1000,10.7,0,0.013000000000000001,0.003,0.001,1.55,1.6,Composite Tube/Tube composite,mg/L,FALSE,FALSE,-0.2204353884957222,FALSE
CHL0492,ST065,1999-05-18,3,NA,1000,10.8,0.001,0.013000000000000001,0.004,0.002,1.44,1.49,Composite Tube/Tube composite,mg/L,FALSE,FALSE,-0.21274576088971964,FALSE
CHL0493,ST065,1999-05-18,4,NA,1000,10,0.001,0.014,0.005,0.002,1.43,1.48,Composite Tube/Tube composite,mg/L,FALSE,FALSE,-0.21204670383462854,FALSE
CHL0494,ST065,1999-05-25,1,NA,1000,9.3,0,0.022,0.006,0.005,2.27,2.34,Composite Tube/Tube composite,mg/L,FALSE,FALSE,-0.2507674964622848,FALSE
CHL0495,ST065,1999-05-25,2,NA,1000,11.9,0.001,0.023,0.006,0.004,2.92,3.01,Composite Tube/Tube composite,mg/L,FALSE,FALSE,-0.27620620504320925,TRUE
CHL0496,ST065,1999-05-25,3,NA,1000,10,0.008,0.031,0.015,0.012,2.53,2.62,Composite Tube/Tube composite,mg/L,FALSE,FALSE,-0.2489429798946543,FALSE
CHL0497,ST068,1999-06-02,1,NA,1000,10.5,0,0.014,0.005,0.003,1.6,1.66,Composite Tube/Tube composite,mg/L,FALSE,FALSE,-0.21393067377117814,FALSE
CHL0498,ST068,1999-06-02,2,NA,1000,10.8,0,0.015,0.002,0.003,1.84,1.89,Composite Tube/Tube composite,mg/L,FALSE,FALSE,-0.2407080430933657,FALSE
CHL0499,ST068,1999-06-02,3,NA,1000,9.2,0.001,0.015,0.003,0.003,1.46,1.5,Composite Tube/Tube composite,mg/L,FALSE,FALSE,-0.22414387499990185,FALSE
CHL0500,ST068,1999-06-02,4,NA,1000,11.5,0.004,0.018000000000000002,0.007,0.006,1.8,1.86,Composite Tube/Tube composite,mg/L,FALSE,FALSE,-0.22791181487300105,FALSE
CHL0501,ST065,1999-06-03,1,NA,1000,12,0.001,0.021,0.006,0.004,2.67,2.75,Composite Tube/Tube composite,mg/L,FALSE,FALSE,-0.2687297786659304,FALSE
CHL0502,ST065,1999-06-03,2,NA,1000,11,0,0.021,0.005,0.003,2.57,2.66,Composite Tube/Tube composite,mg/L,FALSE,FALSE,-0.2517392081150187,FALSE
CHL0503,ST065,1999-06-03,3,NA,1000,10.1,0.001,0.024,0.006,0.004,2.6,2.68,Composite Tube/Tube composite,mg/L,FALSE,FALSE,-0.26383637928029247,FALSE
CHL0504,ST065,1999-06-03,4,NA,1000,10.7,0.001,0.016,0.003,0.003,1.82,1.87,Composite Tube/Tube composite,mg/L,FALSE,FALSE,-0.23930992898318326,FALSE
CHL0505,ST079,1999-06-14,1,NA,1000,12.8,0.002,0.022,0.007,0.007,2.85,2.94,Composite Tube/Tube composite,mg/L,FALSE,FALSE,-0.2713128056575713,FALSE
CHL0506,ST079,1999-06-14,2,NA,1000,15.4,0.001,0.062,0.017,0.013,10.42,10.77,Composite Tube/Tube composite,mg/L,TRUE,TRUE,-0.5404989963615687,TRUE
CHL0507,ST079,1999-06-14,3,NA,1000,10.7,0.001,0.07300000000000001,0.021,0.016,8.52,8.81,Composite Tube/Tube composite,mg/L,FALSE,FALSE,-0.46767815589424977,TRUE
CHL0508,ST079,1999-06-14,4,NA,1000,11.4,0.002,0.066,0.021,0.017,8.04,8.33,Composite Tube/Tube composite,mg/L,FALSE,FALSE,-0.43412341724987513,TRUE
CHL0509,ST079,1999-06-14,5,NA,1000,10.6,0.001,0.07700000000000001,0.021,0.017,8.94,9.23,Composite Tube/Tube composite,mg/L,FALSE,FALSE,-0.49703855220807824,TRUE
CHL0510,ST095,1999-06-14,2,NA,975,9.8,0.013,0.04,0.021,0.02,2.99,3.1,Composite Tube/Tube composite,mg/L,FALSE,FALSE,-0.26109960442884717,FALSE
CHL0511,ST095,1999-06-14,3,NA,1000,12.4,0.001,0.021,0.005,0.005,2.78,2.87,Composite Tube/Tube composite,mg/L,FALSE,FALSE,-0.26641940627193295,FALSE
CHL0512,ST095,1999-06-14,4,NA,1000,10.6,0.001,0.028,0.008,0.007,3.18,3.28,Composite Tube/Tube composite,mg/L,FALSE,FALSE,-0.28438168847557943,TRUE
CHL0513,ST079,1999-06-25,1,NA,1000,12.8,0.002,0.051000000000000004,0.014,0.012,6.98,7.21,,mg/L,FALSE,FALSE,-0.4200233694102149,TRUE
CHL0514,ST079,1999-06-25,2,NA,1000,12,0.001,0.041,0.012,0.011,5.31,5.49,,mg/L,FALSE,FALSE,-0.35328084120999304,TRUE
CHL0515,ST079,1999-06-25,3,NA,1000,10.4,0.002,0.051000000000000004,0.015,0.012,5.65,5.84,,mg/L,FALSE,FALSE,-0.3670487810830929,TRUE
CHL0516,ST079,1999-06-28,1,NA,1000,11.8,0,0.053000000000000005,0.015,0.012,6.91,7.15,Composite Tube/Tube composite,mg/L,FALSE,FALSE,-0.40512997002457674,TRUE
CHL0517,ST079,1999-06-28,2,NA,1000,10.9,0.003,0.059000000000000004,0.019,0.016,6.74,6.98,Composite Tube/Tube composite,mg/L,FALSE,FALSE,-0.3932460000880269,TRUE
CHL0518,ST079,1999-06-28,3,NA,1000,10.9,0,0.055,0.016,0.012,6.61,6.85,Composite Tube/Tube composite,mg/L,FALSE,FALSE,-0.38415825837184325,TRUE
CHL0519,ST079,1999-06-28,4,NA,1000,9.9,0.014,0.07600000000000001,0.031,0.027,6.79,7.02,Composite Tube/Tube composite,mg/L,FALSE,FALSE,-0.4067412853634833,TRUE
CHL0520,ST079,1999-06-28,5,NA,1000,9.1,0.001,0.018000000000000002,0.007,0.005,1.69,1.75,Composite Tube/Tube composite,mg/L,FALSE,FALSE,-0.22022218726699827,FALSE
CHL0521,ST068,1999-06-28,1,NA,1000,11.5,0.002,0.015,0.005,0.005,1.67,1.72,Composite Tube/Tube composite,mg/L,FALSE,FALSE,-0.22882407315681585,FALSE
CHL0522,ST068,1999-06-28,2,NA,1000,10.5,0,0.02,0.005,0.005,2.34,2.41,Composite Tube/Tube composite,mg/L,FALSE,FALSE,-0.2556608958479223,FALSE
CHL0523,ST068,1999-06-28,3,NA,1000,10,0.001,0.023,0.009,0.008,2.4,2.49,Composite Tube/Tube composite,mg/L,FALSE,FALSE,-0.23985523817846932,FALSE
CHL0524,ST068,1999-06-28,4,NA,1000,10.8,0.001,0.024,0.009,0.008,2.71,2.82,Composite Tube/Tube composite,mg/L,FALSE,FALSE,-0.24152600688629544,FALSE
CHL0525,ST095,1999-06-29,1,NA,1000,10.3,0.001,0.034999999999999996,0.01,0.007,3.88,4.01,Composite Tube/Tube composite,mg/L,FALSE,FALSE,-0.3033156823319594,TRUE
CHL0526,ST095,1999-06-29,2,NA,1000,10.4,0.002,0.067,0.021,0.015,7.46,7.72,Composite Tube/Tube composite,mg/L,FALSE,FALSE,-0.4235781080545893,TRUE
CHL0527,ST095,1999-06-29,3,NA,1000,10.7,0.011,0.06,0.025,0.021,5.79,5.99,Composite Tube/Tube composite,mg/L,FALSE,FALSE,-0.3668355798543681,TRUE
CHL0528,ST095,1999-06-29,4,NA,1000,12.9,0.003,0.041,0.013,0.01,5.44,5.62,Composite Tube/Tube composite,mg/L,FALSE,FALSE,-0.36236858292617846,TRUE
CHL0529,ST065,1999-06-29,1,NA,1000,11.3,0.001,0.01,0.003,0.002,1.14,1.17,Composite Tube/Tube composite,mg/L,FALSE,FALSE,-0.21177404923698528,FALSE
CHL0530,ST065,1999-06-29,2,NA,1000,10.2,0.001,0.014,0.004,0.003,1.48,1.53,Composite Tube/Tube composite,mg/L,FALSE,FALSE,-0.21554198911008426,FALSE
CHL0531,ST065,1999-06-29,3,NA,1000,10.5,0.001,0.011,0.003,0.002,1.18,1.21,Composite Tube/Tube composite,mg/L,FALSE,FALSE,-0.2145702774573499,FALSE
CHL0532,ST065,1999-06-29,4,NA,1000,12.3,0.001,0.013000000000000001,0.004,0.004,1.64,1.7,Composite Tube/Tube composite,mg/L,FALSE,FALSE,-0.21672690199154254,FALSE
CHL0533,ST079,1999-07-26,1,NA,1000,10.3,0.001,0.046,0.013,0.01,5.14,5.31,,mg/L,FALSE,FALSE,-0.3513968712734439,TRUE
CHL0534,ST079,1999-07-26,2,NA,1000,14.2,0,0.024,0.006,0.005,3.79,3.91,,mg/L,FALSE,FALSE,-0.30702416883613903,TRUE
CHL0535,ST079,1999-07-26,3,NA,1000,10.5,0,0.047,0.013,0.009,5.46,5.65,,mg/L,FALSE,FALSE,-0.35376669703636043,TRUE
CHL0536,ST068,1999-07-26,1,NA,1000,10.7,0,0.025,0.007,0.004,2.96,3.06,Composite Tube/Tube composite,mg/L,FALSE,FALSE,-0.26900243326357387,FALSE
CHL0537,ST068,1999-07-26,2,NA,1000,13,0,0.02,0.006,0.004,2.86,2.97,Composite Tube/Tube composite,mg/L,FALSE,FALSE,-0.2520118627126622,FALSE
CHL0538,ST068,1999-07-26,3,NA,1000,12,0,0.023,0.006,0.004,3.06,3.16,Composite Tube/Tube composite,mg/L,FALSE,FALSE,-0.2759930038144853,TRUE
CHL0539,ST065,1999-07-26,1,NA,1000,9.9,0.002,0.025,0.008,0.006,2.53,2.61,Composite Tube/Tube composite,mg/L,FALSE,FALSE,-0.25894297989465453,FALSE
CHL0540,ST065,1999-07-26,2,NA,1000,11.7,0.003,0.023,0.008,0.006,2.6,2.69,Composite Tube/Tube composite,mg/L,FALSE,FALSE,-0.2538363792802927,FALSE
CHL0541,ST079,1999-08-17,1,NA,1000,10.2,0.013,0.063,0.026,0.025,5.66,5.85,Composite Tube/Tube composite,mg/L,FALSE,FALSE,-0.36774783813818424,TRUE
CHL0542,ST079,1999-08-17,2,NA,1000,10.3,0.001,0.041,0.011,0.01,4.58,4.73,Composite Tube/Tube composite,mg/L,FALSE,FALSE,-0.3322496761883391,TRUE
CHL0543,ST079,1999-08-17,3,NA,1000,11,0.002,0.041,0.012,0.011,4.77,4.92,Composite Tube/Tube composite,mg/L,FALSE,FALSE,-0.3455317602350716,TRUE
CHL0544,ST065,1999-08-18,1,NA,1000,10,0.003,0.031,0.01,0.006,3.11,3.21,Composite Tube/Tube composite,mg/L,FALSE,FALSE,-0.27948828908994106,TRUE
CHL0545,ST065,1999-08-18,2,NA,1000,9.8,0.001,0.032,0.009,0.008,3.37,3.48,Composite Tube/Tube composite,mg/L,FALSE,FALSE,-0.2876637725223108,TRUE
CHL0546,ST065,1999-08-18,3,NA,800,9.7,0,0.025,0.006,0.005,3.38,3.48,Composite Tube/Tube composite,mg/L,FALSE,FALSE,-0.2983628295774019,TRUE
CHL0547,ST068,1999-08-20,1,NA,1000,10.7,0.003,0.014,0.006,0.004,1.3,1.35,Composite Tube/Tube composite,mg/L,FALSE,FALSE,-0.20295896211844355,FALSE
CHL0548,ST068,1999-08-20,2,NA,1000,8.9,0,0.018000000000000002,0.005,0.004,1.77,1.83,Composite Tube/Tube composite,mg/L,FALSE,FALSE,-0.2258146437077273,FALSE
CHL0549,ST068,1999-08-20,3,NA,1000,10.5,0.001,0.016,0.005,0.003,1.74,1.8,Composite Tube/Tube composite,mg/L,FALSE,FALSE,-0.223717472542454,FALSE
CHL0550,ST079,1999-08-23,1,NA,1000,11,0.001,0.065,0.019,0.017,7.78,8.05,Composite Tube/Tube composite,mg/L,FALSE,FALSE,-0.43594793381750563,TRUE
CHL0551,ST079,1999-08-23,2,NA,1000,11.5,0.003,0.052000000000000005,0.017,0.015,6.23,6.44,Composite Tube/Tube composite,mg/L,FALSE,FALSE,-0.38759409027837854,TRUE
CHL0552,ST079,1999-08-23,3,NA,1000,10.4,0.001,0.063,0.018,0.016,7.14,7.38,Composite Tube/Tube composite,mg/L,FALSE,FALSE,-0.42120828229167273,TRUE
CHL0553,ST068,1999-08-31,1,NA,1000,10.6,0.001,0.018000000000000002,0.006,0.004,1.99,2.06,Composite Tube/Tube composite,mg/L,FALSE,FALSE,-0.23119389891973263,FALSE
CHL0554,ST068,1999-08-31,2,NA,1000,8.5,0.001,0.012,0.004,0.003,1.03,1.07,Composite Tube/Tube composite,mg/L,FALSE,FALSE,-0.19408442163098272,FALSE
CHL0555,ST068,1999-08-31,3,NA,1000,11.7,0,0.015,0.004,0.003,1.95,2.01,Composite Tube/Tube composite,mg/L,FALSE,FALSE,-0.23839767069936801,FALSE
CHL0556,ST065,1999-08-31,1,NA,1000,10.3,0.001,0.021,0.006,0.004,2.29,2.36,Composite Tube/Tube composite,mg/L,FALSE,FALSE,-0.252165610572467,FALSE
CHL0557,ST065,1999-08-31,2,NA,1000,11.3,0.002,0.021,0.006,0.005,2.4,2.48,Composite Tube/Tube composite,mg/L,FALSE,FALSE,-0.24985523817846955,FALSE
CHL0558,ST065,1999-08-31,3,NA,1000,10,0.001,0.024,0.006,0.004,2.57,2.65,Composite Tube/Tube composite,mg/L,FALSE,FALSE,-0.26173920811501894,FALSE
CHL0559,ST079,1999-09-01,1,NA,1000,10.9,0.001,0.05,0.014,0.013,5.92,6.12,Composite Tube/Tube composite,mg/L,FALSE,FALSE,-0.3759233215705535,TRUE
CHL0560,ST079,1999-09-01,2,NA,1000,10.8,0,0.02,0.005,0.004,2.4,2.48,Composite Tube/Tube composite,mg/L,FALSE,FALSE,-0.24985523817846955,FALSE
CHL0561,ST079,1999-09-01,3,NA,800,13.5,0,0.017,0.005,0.005,3.17,3.28,Composite Tube/Tube composite,mg/L,FALSE,FALSE,-0.2736826314204879,FALSE
CHL0562,ST079,1999-09-13,1,NA,1000,15.3,0.002,0.042,0.012,0.009,6.8,7.03,Composite Tube/Tube composite,mg/L,FALSE,FALSE,-0.40744034241857374,TRUE
CHL0563,ST079,1999-09-13,2,NA,710,12,0.001,0.036,0.01,0.009,6.57,6.79,Composite Tube/Tube composite,mg/L,FALSE,FALSE,-0.4013620301514784,TRUE
CHL0564,ST079,1999-09-13,3,NA,1000,10.8,0.002,0.057,0.015,0.013,6.62,6.83,Composite Tube/Tube composite,mg/L,FALSE,FALSE,-0.41485731542693394,TRUE
CHL0565,ST079,1999-09-29,1,NA,1000,10.9,0.001,0.041,0.013,0.012,4.8,4.97,Composite Tube/Tube composite,mg/L,FALSE,FALSE,-0.3276289314003451,TRUE
CHL0566,ST079,1999-09-29,2,NA,1000,14.5,0,0.031,0.007,0.006,5.02,5.18,Composite Tube/Tube composite,mg/L,FALSE,FALSE,-0.35300818661235045,TRUE
CHL0567,ST079,1999-09-29,3,NA,1000,10.5,0.004,0.044,0.014,0.013,4.67,4.82,Composite Tube/Tube composite,mg/L,FALSE,FALSE,-0.33854118968416014,TRUE
CHL0568,ST079,1999-10-14,1,NA,1000,9.8,0.006,0.05,0.021,0.017,4.71,4.89,Composite Tube/Tube composite,mg/L,FALSE,FALSE,-0.3113374179045252,TRUE
CHL0569,ST079,1999-10-14,2,NA,1000,12.9,0.001,0.033,0.011,0.008,4.54,4.7,Composite Tube/Tube composite,mg/L,FALSE,FALSE,-0.3194534479679749,TRUE
CHL0570,ST079,1999-10-14,3,NA,1000,10.7,0.01,0.043000000000000003,0.02,0.016,3.89,4.02,Composite Tube/Tube composite,mg/L,FALSE,FALSE,-0.3040147393870516,TRUE
CHL0571,ST068,1999-10-14,1,NA,1000,10.8,0.001,0.007,0.003,0,0.71,0.73,Composite Tube/Tube composite,mg/L,FALSE,FALSE,-0.19171459586806594,FALSE
CHL0572,ST068,1999-10-14,2,NA,1000,11.9,0.002,0.007,0.004,0.001,0.64,0.67,Composite Tube/Tube composite,mg/L,FALSE,FALSE,-0.176821196482428,FALSE
CHL0573,ST068,1999-10-14,3,NA,1000,11.9,0,0.005,0.001,0.001,0.67,0.69,Composite Tube/Tube composite,mg/L,FALSE,FALSE,-0.18891836764770154,FALSE
CHL0574,ST095,1999-10-14,1,NA,1000,10.7,0.001,0.04,0.011,0.008,4.63,4.79,Composite Tube/Tube composite,mg/L,FALSE,FALSE,-0.32574496146379506,TRUE
CHL0575,ST095,1999-10-14,2,NA,1000,11.2,0.002,0.036,0.01,0.007,4.24,4.38,Composite Tube/Tube composite,mg/L,FALSE,FALSE,-0.318481736315241,TRUE
CHL0576,ST095,1999-10-14,3,1,500,10,0.002,0.021,0.008,0.004,4.17,4.32,Composite Tube/Tube composite,mg/L,FALSE,FALSE,-0.30358833692960285,TRUE
CHL0577,ST095,1999-10-14,3,2,500,11.5,0.002,0.017,0.006,0.002,3.82,3.95,Composite Tube/Tube composite,mg/L,FALSE,FALSE,-0.29912134000141233,TRUE
CHL0578,ST095,1999-10-14,4,NA,1000,13.1,0.003,0.022,0.009,0.007,2.73,2.83,Composite Tube/Tube composite,mg/L,FALSE,FALSE,-0.25292412099647743,FALSE
CHL0579,ST065,1999-10-14,1,NA,1000,11.2,0.001,0.023,0.007,0.004,2.73,2.82,Composite Tube/Tube composite,mg/L,FALSE,FALSE,-0.26292412099647766,FALSE
CHL0580,ST065,1999-10-14,2,NA,1000,13.5,0.001,0.018000000000000002,0.006,0.003,2.53,2.62,Composite Tube/Tube composite,mg/L,FALSE,FALSE,-0.2489429798946543,FALSE
CHL0581,ST068,1999-10-27,1,NA,1000,10.5,0,0.004,0.002,0.001,0.44,0.47,Composite Tube/Tube composite,mg/L,FALSE,FALSE,-0.1628400553806051,FALSE
CHL0582,ST068,1999-10-27,2,NA,1000,10.3,0,0.005,0.001,0,0.58,0.59,Composite Tube/Tube composite,mg/L,FALSE,FALSE,-0.19262685415188108,FALSE
CHL0583,ST068,1999-10-27,3,NA,1000,9.8,0.001,0.007,0.003,0,0.64,0.67,Composite Tube/Tube composite,mg/L,FALSE,FALSE,-0.176821196482428,FALSE
CHL0584,ST095,1999-10-27,1,NA,1000,11.5,0.001,0.032,0.008,0.008,3.98,4.11,Composite Tube/Tube composite,mg/L,FALSE,FALSE,-0.31030625288287084,TRUE
CHL0585,ST095,1999-10-27,2,NA,1000,10.5,0.001,0.034,0.009,0.006,3.86,3.98,Composite Tube/Tube composite,mg/L,FALSE,FALSE,-0.31191756822177696,TRUE
CHL0586,ST095,1999-10-27,3,1,500,13.5,0,0.014,0.005,0.005,4.12,4.28,Composite Tube/Tube composite,mg/L,FALSE,FALSE,-0.29009305165414734,TRUE
CHL0587,ST095,1999-10-27,3,2,500,10.8,0,0.017,0.004,0.002,4.09,4.22,Composite Tube/Tube composite,mg/L,FALSE,FALSE,-0.3179958804888736,TRUE
CHL0588,ST065,1999-10-27,1,1,500,12.6,0.001,0.01,0.002,0.002,2.59,2.65,Composite Tube/Tube composite,mg/L,FALSE,FALSE,-0.28313732222520116,TRUE
CHL0589,ST065,1999-10-27,1,2,500,11.2,0,0.009,0.001,0.001,2.3,2.36,Composite Tube/Tube composite,mg/L,FALSE,FALSE,-0.2628646676275581,FALSE
CHL0590,ST065,1999-10-27,2,1,500,10.6,0.001,0.011,0.003,0.003,2.38,2.45,Composite Tube/Tube composite,mg/L,FALSE,FALSE,-0.25845712406828714,FALSE
CHL0591,ST065,1999-10-27,2,2,500,10.9,0.001,0.011,0.003,0.002,2.45,2.52,Composite Tube/Tube composite,mg/L,FALSE,FALSE,-0.2633505234539255,FALSE
CHL0592,ST065,1999-10-27,3,1,500,10,0,0.011,0.003,0.003,2.44,2.52,Composite Tube/Tube composite,mg/L,FALSE,FALSE,-0.25265146639883396,FALSE
CHL0593,ST065,1999-10-27,3,2,500,11.8,0.006,0.017,0.008,0.007,2.92,3.01,Composite Tube/Tube composite,mg/L,FALSE,FALSE,-0.27620620504320925,TRUE
CHL0594,ST079,1999-10-28,1,NA,1000,11.3,0.027,0.081,0.045,0.041,6.68,6.93,Composite Tube/Tube composite,mg/L,FALSE,FALSE,-0.37905165775748006,TRUE
CHL0595,ST079,1999-10-28,2,NA,1000,13.1,0.005,0.044,0.018,0.012,5.59,5.8,Composite Tube/Tube composite,mg/L,FALSE,FALSE,-0.3428544387525454,TRUE
CHL0596,ST079,1999-10-28,3,NA,1000,10.5,0.001,0.06,0.02,0.015,6.79,7.05,Composite Tube/Tube composite,mg/L,FALSE,FALSE,-0.37674128536348306,TRUE
CHL0597,ST079,1999-11-05,1,NA,1000,11.1,0.001,0.055,0.017,0.013,6.61,6.84,Composite Tube/Tube composite,mg/L,FALSE,FALSE,-0.39415825837184304,TRUE
CHL0598,ST079,1999-11-05,2,NA,1000,12.2,0.001,0.056,0.021,0.013,7.3,7.59,Composite Tube/Tube composite,mg/L,FALSE,FALSE,-0.3823931951731314,TRUE
CHL0599,ST079,1999-11-05,3,NA,1000,11.5,0.012,0.068,0.029,0.026,7.09,7.34,Composite Tube/Tube composite,mg/L,FALSE,FALSE,-0.4077129970162172,TRUE
CHL0600,ST068,2000-04-26,3,NA,1000,12,0.002,0.009,0.005,0.003,0.9,0.94,Composite Tube/Tube composite,mg/L,FALSE,FALSE,-0.18499667991479796,FALSE
CHL0601,ST091,2000-04-26,1,NA,1000,11.7,0.004,0.014,0.006,0.005,1.31,1.35,Composite Tube/Tube composite,mg/L,FALSE,FALSE,-0.21365801917353466,FALSE
CHL0602,ST091,2000-04-26,2,NA,1000,11.7,0.004,0.012,0.007,0.005,1.01,1.06,Composite Tube/Tube composite,mg/L,FALSE,FALSE,-0.18268630752080028,FALSE
CHL0603,ST091,2000-04-26,3,NA,1000,12.5,0.001,0.01,0.004,0.003,1.23,1.28,Composite Tube/Tube composite,mg/L,FALSE,FALSE,-0.19806556273280562,FALSE
CHL0604,ST095,2000-04-26,1,NA,1000,11.8,0,0.007,0.002,0.002,0.91,0.94,Composite Tube/Tube composite,mg/L,FALSE,FALSE,-0.19569573696988907,FALSE
CHL0605,ST095,2000-04-26,2,NA,1000,11,0,0.004,0.002,0.002,0.47,0.49,Composite Tube/Tube composite,mg/L,FALSE,FALSE,-0.1749372265458785,FALSE
CHL0606,ST095,2000-04-26,3,NA,1000,11.4,0.002,0.01,0.005,0.003,0.99,1.03,Composite Tube/Tube composite,mg/L,FALSE,FALSE,-0.1912881934106181,FALSE
CHL0607,ST095,2000-04-26,4,NA,1000,10.6,0.004,0.014,0.007,0.006,1.17,1.21,Composite Tube/Tube composite,mg/L,FALSE,FALSE,-0.20387122040225858,FALSE
CHL0608,ST065,2000-04-26,1,NA,1000,13.5,0.002,0.007,0.003,0.003,0.76,0.78,Composite Tube/Tube composite,mg/L,FALSE,FALSE,-0.19520988114352167,FALSE
CHL0609,ST065,2000-04-26,2,NA,1000,12.5,0,0.007,0.002,0.002,0.97,1,Composite Tube/Tube composite,mg/L,FALSE,FALSE,-0.19989007930043567,FALSE
CHL0610,ST079,2000-04-27,1,NA,1000,11.3,0.002,0.03,0.01,0.009,3.5,3.62,Composite Tube/Tube composite,mg/L,FALSE,FALSE,-0.28675151423849554,TRUE
CHL0611,ST079,2000-04-27,2,NA,1000,11.3,0.003,0.03,0.011,0.008,3.36,3.48,Composite Tube/Tube composite,mg/L,FALSE,FALSE,-0.2769647154672197,TRUE
CHL0612,ST079,2000-04-27,3,NA,1000,12.6,0.003,0.028999999999999998,0.008,0.009,3.68,3.79,Composite Tube/Tube composite,mg/L,FALSE,FALSE,-0.30933454123013693,TRUE
CHL0613,ST095,2000-04-27,1,NA,1000,10.1,0.002,0.006,0.002,0.001,0.47,0.48,,mg/L,FALSE,FALSE,-0.18493722654587852,FALSE
CHL0614,ST079,2000-05-23,1,NA,1000,13.1,0.001,0.032,0.009,0.007,4.51,4.66,Composite Tube/Tube composite,mg/L,FALSE,FALSE,-0.32735627680270163,TRUE
CHL0615,ST079,2000-05-23,2,NA,1000,13.5,0.001,0.033,0.01,0.007,4.77,4.94,Composite Tube/Tube composite,mg/L,FALSE,FALSE,-0.32553176023507113,TRUE
CHL0616,ST079,2000-05-23,3,NA,1000,11.2,0.001,0.038,0.009,0.009,4.64,4.78,Composite Tube/Tube composite,mg/L,FALSE,FALSE,-0.34644401851888595,TRUE
CHL0617,ST068,2000-05-24,1,NA,1000,12.2,0.001,0.007,0.003,0.002,0.8,0.83,Composite Tube/Tube composite,mg/L,FALSE,FALSE,-0.1880061093638864,FALSE
CHL0618,ST068,2000-05-24,2,NA,1000,11.1,0.003,0.014,0.007,0.006,1.33,1.38,Composite Tube/Tube composite,mg/L,FALSE,FALSE,-0.2050561332837173,FALSE
CHL0619,ST091,2000-05-24,1,NA,1000,11.2,0.001,0.012,0.005,0.003,1.34,1.39,Composite Tube/Tube composite,mg/L,FALSE,FALSE,-0.2057551903388084,FALSE
CHL0620,ST091,2000-05-24,2,NA,1000,10.8,0.001,0.011,0.004,0.002,1.19,1.23,Composite Tube/Tube composite,mg/L,FALSE,FALSE,-0.205269334512441,FALSE
CHL0621,ST091,2000-05-24,3,NA,1000,12.2,0.003,0.013000000000000001,0.005,0.004,1.37,1.41,Composite Tube/Tube composite,mg/L,FALSE,FALSE,-0.21785236150408172,FALSE
CHL0622,ST095,2000-05-24,1,NA,1000,13.8,0.002,0.015,0.005,0.004,2,2.06,Composite Tube/Tube composite,mg/L,FALSE,FALSE,-0.24189295597482374,FALSE
CHL0623,ST095,2000-05-24,2,NA,1000,14.3,0,0.013000000000000001,0.004,0.003,2.04,2.12,Composite Tube/Tube composite,mg/L,FALSE,FALSE,-0.22468918419518813,FALSE
CHL0624,ST095,2000-05-24,3,NA,1000,13.3,0.001,0.014,0.004,0.004,1.93,1.99,Composite Tube/Tube composite,mg/L,FALSE,FALSE,-0.2369995565891856,FALSE
CHL0625,ST065,2000-05-24,1,NA,1000,12.7,0.001,0.011,0.004,0.003,1.4,1.45,Composite Tube/Tube composite,mg/L,FALSE,FALSE,-0.209949532669355,FALSE
CHL0626,ST065,2000-05-25,3,NA,1000,11.3,0.002,0.016,0.005,0.005,1.77,1.83,,mg/L,FALSE,FALSE,-0.2258146437077273,FALSE
CHL0627,ST068,2000-06-17,1,NA,1000,10.6,0.001,0.016,0.005,0.004,1.76,1.82,Composite Tube/Tube composite,mg/L,FALSE,FALSE,-0.2251155866526362,FALSE
CHL0628,ST068,2000-06-17,2,NA,1000,14.1,0,0.011,0.002,0.002,1.75,1.8,Composite Tube/Tube composite,mg/L,FALSE,FALSE,-0.2344165295975451,FALSE
CHL0629,ST068,2000-06-17,3,NA,1000,11.6,0.003,0.017,0.005,0.004,1.84,1.89,Composite Tube/Tube composite,mg/L,FALSE,FALSE,-0.2407080430933657,FALSE
CHL0630,ST068,2000-06-17,4,NA,1000,10.8,0.001,0.018000000000000002,0.006,0.005,2.02,2.1,Composite Tube/Tube composite,mg/L,FALSE,FALSE,-0.22329107008500593,FALSE
CHL0631,ST091,2000-06-17,1,NA,1000,13.3,0.002,0.012,0.003,0.003,1.52,1.56,Composite Tube/Tube composite,mg/L,FALSE,FALSE,-0.22833821733044868,FALSE
CHL0632,ST091,2000-06-17,2,NA,1000,11.6,0.001,0.013000000000000001,0.004,0.003,1.55,1.6,Composite Tube/Tube composite,mg/L,FALSE,FALSE,-0.2204353884957222,FALSE
CHL0633,ST091,2000-06-17,3,NA,1000,13,0.007,0.021,0.012,0.008,1.98,2.06,Composite Tube/Tube composite,mg/L,FALSE,FALSE,-0.22049484186464152,FALSE
CHL0634,ST091,2000-06-17,4,NA,1000,14.5,0.001,0.011,0.003,0.002,1.63,1.67,Composite Tube/Tube composite,mg/L,FALSE,FALSE,-0.23602784493645146,FALSE
CHL0635,ST065,2000-06-17,1,NA,1000,12.6,0.001,0.01,0.003,0.003,1.27,1.31,Composite Tube/Tube composite,mg/L,FALSE,FALSE,-0.21086179095317004,FALSE
CHL0636,ST065,2000-06-17,2,NA,1000,12.8,0.002,0.011,0.005,0.005,1.26,1.31,Composite Tube/Tube composite,mg/L,FALSE,FALSE,-0.20016273389807893,FALSE
CHL0637,ST065,2000-06-17,3,NA,1000,11.8,0.001,0.011,0.003,0.003,1.32,1.36,Composite Tube/Tube composite,mg/L,FALSE,FALSE,-0.21435707622862576,FALSE
CHL0638,ST065,2000-06-17,4,NA,1000,11.8,0,0.008,0.002,0.002,1.05,1.08,Composite Tube/Tube composite,mg/L,FALSE,FALSE,-0.20548253574116493,FALSE
CHL0639,ST079,2000-06-21,1,2,300,12,0,0.015,0.004,0.001,6.64,6.87,Composite Tube/Tube composite,mg/L,FALSE,FALSE,-0.39625542953711523,TRUE
CHL0640,ST079,2000-06-21,1,1,700,12.3,0,0.031,0.008,0.006,6.05,6.25,Composite Tube/Tube composite,mg/L,FALSE,FALSE,-0.38501106328673806,TRUE
CHL0641,ST079,2000-06-21,2,2,350,10.8,0.002,0.021,0.006,0.003,6.56,6.76,Composite Tube/Tube composite,mg/L,FALSE,FALSE,-0.42066297309638667,TRUE
CHL0642,ST079,2000-06-21,2,1,650,14.7,0.002,0.028,0.01,0.006,6.46,6.7,Composite Tube/Tube composite,mg/L,FALSE,FALSE,-0.3736724025454752,TRUE
CHL0643,ST079,2000-06-21,3,2,350,11.9,0.001,0.018000000000000002,0.007,0.004,6.3,6.54,Composite Tube/Tube composite,mg/L,FALSE,FALSE,-0.36248748966401667,TRUE
CHL0644,ST079,2000-06-21,3,1,650,11.8,0,0.028,0.008,0.004,5.61,5.81,Composite Tube/Tube composite,mg/L,FALSE,FALSE,-0.3542525528627287,TRUE
CHL0645,ST068,2000-06-22,1,NA,1000,12.8,0.004,0.024,0.011,0.011,2.8,2.9,Composite Tube/Tube composite,mg/L,FALSE,FALSE,-0.25781752038211536,FALSE
CHL0646,ST068,2000-06-22,2,NA,1000,14.4,0.003,0.025,0.008,0.007,3.54,3.65,Composite Tube/Tube composite,mg/L,FALSE,FALSE,-0.2995477424588602,TRUE
CHL0647,ST068,2000-06-22,3,NA,1000,12.6,0.001,0.021,0.006,0.005,2.8,2.89,Composite Tube/Tube composite,mg/L,FALSE,FALSE,-0.26781752038211515,FALSE
CHL0648,ST091,2000-06-22,1,NA,1000,11.6,0.002,0.028,0.008,0.006,3.36,3.47,Composite Tube/Tube composite,mg/L,FALSE,FALSE,-0.28696471546721947,TRUE
CHL0649,ST091,2000-06-22,2,NA,1000,11.2,0.002,0.023,0.006,0.004,2.64,2.72,Composite Tube/Tube composite,mg/L,FALSE,FALSE,-0.26663260750065687,FALSE
CHL0650,ST091,2000-06-22,3,NA,1000,13.2,0.003,0.028999999999999998,0.009,0.008,3.83,3.95,Composite Tube/Tube composite,mg/L,FALSE,FALSE,-0.30982039705650344,TRUE
CHL0651,ST095,2000-06-22,1,NA,1000,12.6,0.001,0.044,0.011,0.01,6.05,6.24,Composite Tube/Tube composite,mg/L,FALSE,FALSE,-0.39501106328673785,TRUE
CHL0652,ST095,2000-06-22,2,NA,1000,11,0.003,0.043000000000000003,0.013,0.012,4.89,5.05,Composite Tube/Tube composite,mg/L,FALSE,FALSE,-0.343920444896165,TRUE
CHL0653,ST095,2000-06-22,3,NA,1000,11.4,0.005,0.05,0.015,0.014,5.74,5.91,Composite Tube/Tube composite,mg/L,FALSE,FALSE,-0.3933402945789126,TRUE
CHL0654,ST065,2000-06-22,1,NA,1000,10.7,0.001,0.018000000000000002,0.006,0.005,2.01,2.08,Composite Tube/Tube composite,mg/L,FALSE,FALSE,-0.23259201302991483,FALSE
CHL0655,ST065,2000-06-22,2,NA,1000,11.6,0.001,0.016,0.004,0.003,1.95,2.01,Composite Tube/Tube composite,mg/L,FALSE,FALSE,-0.23839767069936801,FALSE
CHL0656,ST065,2000-06-22,3,NA,1000,12.1,0.001,0.019,0.005,0.005,2.44,2.51,Composite Tube/Tube composite,mg/L,FALSE,FALSE,-0.2626514663988342,FALSE
CHL0657,ST095,2000-07-18,1,2,390,14.5,0,0.015,0.005,0.003,6.1,6.33,Composite Tube/Tube composite,mg/L,FALSE,FALSE,-0.35850634856219354,TRUE
CHL0658,ST095,2000-07-18,1,1,500,11.9,0.005,0.034,0.013,0.012,7.64,7.9,Composite Tube/Tube composite,mg/L,FALSE,FALSE,-0.43616113504622867,TRUE
CHL0659,ST095,2000-07-18,2,2,500,12.5,0.002,0.031,0.01,0.008,8.02,8.3,Composite Tube/Tube composite,mg/L,FALSE,FALSE,-0.44272530313969227,TRUE
CHL0660,ST095,2000-07-18,2,1,500,12.3,0.002,0.028999999999999998,0.009,0.006,7.37,7.61,Composite Tube/Tube composite,mg/L,FALSE,FALSE,-0.4372865945587696,TRUE
CHL0661,ST095,2000-07-18,3,2,500,12.4,0.002,0.047,0.014,0.011,12.37,12.78,Composite Tube/Tube composite,mg/L,TRUE,TRUE,-0.6168151221043416,TRUE
CHL0662,ST095,2000-07-18,3,1,500,13.4,0.002,0.043000000000000003,0.013,0.012,12.18,12.59,Composite Tube/Tube composite,mg/L,TRUE,TRUE,-0.6035330380576092,TRUE
CHL0663,ST079,2000-07-19,1,1,500,13.8,0.002,0.008,0.003,0.002,1.87,1.92,Composite Tube/Tube composite,mg/L,FALSE,FALSE,-0.242805214258639,FALSE
CHL0664,ST079,2000-07-19,1,2,500,15.2,0.002,0.007,0.002,0.002,1.77,1.8,Composite Tube/Tube composite,mg/L,FALSE,FALSE,-0.25581464370772733,FALSE
CHL0665,ST079,2000-07-19,2,2,500,17.2,0.002,0.007,0.003,0.001,1.92,1.98,Composite Tube/Tube composite,mg/L,FALSE,FALSE,-0.2363004995340945,FALSE
CHL0666,ST079,2000-07-19,2,1,500,13.5,0,0.009,0.003,0.002,2.66,2.76,Composite Tube/Tube composite,mg/L,FALSE,FALSE,-0.24803072161083994,FALSE
CHL0667,ST079,2000-07-19,3,1,250,13.2,0,0.006,0.002,0.001,3.46,3.6,Composite Tube/Tube composite,mg/L,FALSE,FALSE,-0.2639552860181311,FALSE
CHL0668,ST079,2000-07-19,3,2,500,14.5,0.002,0.007,0.003,0.002,1.63,1.67,Composite Tube/Tube composite,mg/L,FALSE,FALSE,-0.23602784493645146,FALSE
CHL0669,ST068,2000-07-19,1,NA,1000,12.3,0.002,0.014,0.005,0.003,1.64,1.69,Composite Tube/Tube composite,mg/L,FALSE,FALSE,-0.22672690199154255,FALSE
CHL0670,ST068,2000-07-19,2,NA,1000,13.2,0.007,0.02,0.012,0.012,1.86,1.94,Composite Tube/Tube composite,mg/L,FALSE,FALSE,-0.21210615720354786,FALSE
CHL0671,ST068,2000-07-19,3,NA,1000,12,0.004,0.014,0.005,0.004,1.37,1.4,Composite Tube/Tube composite,mg/L,FALSE,FALSE,-0.22785236150408172,FALSE
CHL0672,ST091,2000-07-19,1,NA,1000,13.2,0,0.017,0.005,0.004,2.47,2.56,Composite Tube/Tube composite,mg/L,FALSE,FALSE,-0.2447486375641077,FALSE
CHL0673,ST091,2000-07-19,2,NA,1000,14.3,0.002,0.013000000000000001,0.006,0.003,1.71,1.78,Composite Tube/Tube composite,mg/L,FALSE,FALSE,-0.21162030137718046,FALSE
CHL0674,ST091,2000-07-19,3,NA,1000,17.4,0.002,0.009,0.004,0.002,1.34,1.39,Composite Tube/Tube composite,mg/L,FALSE,FALSE,-0.2057551903388084,FALSE
CHL0675,ST065,2000-07-19,1,1,500,13.1,0.002,0.009,0.003,0.001,2.08,2.13,Composite Tube/Tube composite,mg/L,FALSE,FALSE,-0.2574854124155532,FALSE
CHL0676,ST065,2000-07-19,1,2,500,12.8,0.002,0.008,0.003,0.001,1.73,1.78,Composite Tube/Tube composite,mg/L,FALSE,FALSE,-0.2330184154873629,FALSE
CHL0677,ST065,2000-07-19,2,1,500,13,0.009,0.024,0.017,0.018,4.11,4.32,Composite Tube/Tube composite,mg/L,FALSE,FALSE,-0.2393939945990562,FALSE
CHL0678,ST065,2000-07-19,2,2,500,11.1,0.002,0.011,0.006,0.005,2.14,2.24,Composite Tube/Tube composite,mg/L,FALSE,FALSE,-0.21167975474609957,FALSE
CHL0679,ST065,2000-07-19,3,1,120,14.8,0.001,0.003,0.002,0.001,2.6,2.73,Composite Tube/Tube composite,mg/L,FALSE,FALSE,-0.21383637928029264,FALSE
CHL0680,ST065,2000-07-19,3,2,500,11.4,0.001,0.01,0.003,0.003,2.29,2.37,Composite Tube/Tube composite,mg/L,FALSE,FALSE,-0.24216561057246677,FALSE
CHL0681,ST079,2000-08-15,1,NA,1000,12,0.002,0.013000000000000001,0.006,0.005,1.44,1.49,Composite Tube/Tube composite,mg/L,FALSE,FALSE,-0.21274576088971964,FALSE
CHL0682,ST079,2000-08-15,2,NA,1000,11.8,0.001,0.021,0.008,0.006,2.57,2.67,Composite Tube/Tube composite,mg/L,FALSE,FALSE,-0.24173920811501892,FALSE
CHL0683,ST079,2000-08-15,3,NA,1000,11,0.002,0.022,0.007,0.006,2.45,2.53,Composite Tube/Tube composite,mg/L,FALSE,FALSE,-0.2533505234539257,FALSE
CHL0684,ST068,2000-08-17,1,2,500,13.6,0.001,0.007,0.002,0.003,1.85,1.9,Composite Tube/Tube composite,mg/L,FALSE,FALSE,-0.2414071001484568,FALSE
CHL0685,ST068,2000-08-17,1,1,500,11.4,0.003,0.01,0.004,0.004,1.81,1.86,Composite Tube/Tube composite,mg/L,FALSE,FALSE,-0.23861087192809216,FALSE
CHL0686,ST068,2000-08-17,2,2,500,14.2,0.002,0.008,0.003,0.001,1.92,1.97,Composite Tube/Tube composite,mg/L,FALSE,FALSE,-0.2463004995340945,FALSE
CHL0687,ST068,2000-08-17,2,1,500,11.5,0.003,0.011,0.005,0.005,2.05,2.11,Composite Tube/Tube composite,mg/L,FALSE,FALSE,-0.24538824125027947,FALSE
CHL0688,ST068,2000-08-17,3,2,500,12.6,0.003,0.009,0.006,0.007,1.61,1.68,Composite Tube/Tube composite,mg/L,FALSE,FALSE,-0.20462973082626923,FALSE
CHL0689,ST068,2000-08-17,3,1,500,11.2,0.002,0.011,0.005,0.005,2.21,2.29,Composite Tube/Tube composite,mg/L,FALSE,FALSE,-0.23657315413173796,FALSE
CHL0690,ST091,2000-08-17,1,2,500,11.5,0,0.007,0.002,0.002,1.78,1.84,Composite Tube/Tube composite,mg/L,FALSE,FALSE,-0.22651370076281885,FALSE
CHL0691,ST091,2000-08-17,1,1,500,14,0.002,0.006,0.003,0.003,1.25,1.29,Composite Tube/Tube composite,mg/L,FALSE,FALSE,-0.20946367684298783,FALSE
CHL0692,ST091,2000-08-17,2,1,500,11.5,0.007,0.016,0.012,0.01,2.17,2.28,Composite Tube/Tube composite,mg/L,FALSE,FALSE,-0.2037769259113733,FALSE
CHL0693,ST091,2000-08-17,2,2,500,11.3,0.003,0.01,0.005,0.005,1.75,1.81,Composite Tube/Tube composite,mg/L,FALSE,FALSE,-0.2244165295975451,FALSE
CHL0694,ST091,2000-08-17,3,2,500,11.5,0.003,0.01,0.005,0.004,1.78,1.84,Composite Tube/Tube composite,mg/L,FALSE,FALSE,-0.22651370076281885,FALSE
CHL0695,ST091,2000-08-17,3,1,500,12.6,0.002,0.009,0.004,0.004,1.95,2.02,Composite Tube/Tube composite,mg/L,FALSE,FALSE,-0.22839767069936778,FALSE
CHL0696,ST095,2000-08-17,1,1,500,13.7,0.002,0.021,0.007,0.005,5.77,5.96,Composite Tube/Tube composite,mg/L,FALSE,FALSE,-0.3754374657441861,TRUE
CHL0697,ST095,2000-08-17,1,2,450,13,0.002,0.016,0.005,0.005,4.53,4.67,Composite Tube/Tube composite,mg/L,FALSE,FALSE,-0.33875439091288406,TRUE
CHL0698,ST095,2000-08-17,2,2,460,12.7,0.002,0.02,0.006,0.005,5.55,5.73,Composite Tube/Tube composite,mg/L,FALSE,FALSE,-0.37005821053218035,TRUE
CHL0699,ST095,2000-08-17,2,1,500,12.4,0.001,0.021,0.007,0.005,5.46,5.66,Composite Tube/Tube composite,mg/L,FALSE,FALSE,-0.34376669703636065,TRUE
CHL0700,ST095,2000-08-17,3,2,400,14.6,0,0.008,0.003,0.003,3.17,3.3,Composite Tube/Tube composite,mg/L,FALSE,FALSE,-0.25368263142048786,FALSE
CHL0701,ST095,2000-08-17,3,1,500,11.3,0.001,0.018000000000000002,0.006,0.006,4.24,4.39,Composite Tube/Tube composite,mg/L,FALSE,FALSE,-0.30848173631524123,TRUE
CHL0702,ST095,2000-08-17,4,NA,1000,10.8,0.002,0.019,0.006,0.005,2.05,2.11,Composite Tube/Tube composite,mg/L,FALSE,FALSE,-0.24538824125027947,FALSE
CHL0703,ST065,2000-08-17,2,NA,1000,11.8,0,0.014,0.004,0.002,1.82,1.89,Composite Tube/Tube composite,mg/L,FALSE,FALSE,-0.21930992898318347,FALSE
CHL0704,ST065,2000-08-17,3,NA,1000,13.1,0.002,0.015,0.005,0.003,1.9,1.96,Composite Tube/Tube composite,mg/L,FALSE,FALSE,-0.23490238542391229,FALSE
CHL0705,ST095,2000-09-12,1,1,500,10.5,0.004,0.019,0.006,0.006,3.58,3.67,Composite Tube/Tube composite,mg/L,FALSE,FALSE,-0.32234397067922504,TRUE
CHL0706,ST095,2000-09-12,1,2,500,16.3,0.001,0.013000000000000001,0.004,0.004,4.35,4.49,Composite Tube/Tube composite,mg/L,FALSE,FALSE,-0.3261713639212429,TRUE
CHL0707,ST095,2000-09-12,2,1,500,11.5,0.001,0.015,0.005,0.004,3.56,3.68,Composite Tube/Tube composite,mg/L,FALSE,FALSE,-0.2909458565690426,TRUE
CHL0708,ST095,2000-09-12,2,2,500,13.4,0.004,0.02,0.008,0.008,4.77,4.92,Composite Tube/Tube composite,mg/L,FALSE,FALSE,-0.3455317602350716,TRUE
CHL0709,ST095,2000-09-12,3,1,500,15.3,0.002,0.015,0.006,0.006,4.38,4.54,Composite Tube/Tube composite,mg/L,FALSE,FALSE,-0.3082685350865164,TRUE
CHL0710,ST095,2000-09-12,3,2,500,12.5,0.001,0.017,0.006,0.006,4.4,4.56,Composite Tube/Tube composite,mg/L,FALSE,FALSE,-0.30966664919669995,TRUE
CHL0711,ST079,2000-09-13,1,NA,1000,10.7,0.003,0.03,0.01,0.01,3.21,3.31,Composite Tube/Tube composite,mg/L,FALSE,FALSE,-0.2864788596408525,TRUE
CHL0712,ST079,2000-09-13,2,NA,1000,12.4,0.003,0.023,0.008,0.007,2.76,2.85,Composite Tube/Tube composite,mg/L,FALSE,FALSE,-0.26502129216175074,FALSE
CHL0713,ST079,2000-09-13,3,NA,1000,15.2,0.001,0.02,0.006,0.005,3.2,3.31,Composite Tube/Tube composite,mg/L,FALSE,FALSE,-0.2757798025857614,TRUE
CHL0714,ST068,2000-09-13,1,NA,970,12.4,0.002,0.009,0.004,0.004,0.99,1.02,Composite Tube/Tube composite,mg/L,FALSE,FALSE,-0.2012881934106181,FALSE
CHL0715,ST068,2000-09-13,2,NA,1000,11.2,0.001,0.009,0.004,0.004,0.97,1.01,Composite Tube/Tube composite,mg/L,FALSE,FALSE,-0.18989007930043567,FALSE
CHL0716,ST068,2000-09-13,3,NA,1000,12.3,0.003,0.01,0.005,0.004,0.95,0.98,Composite Tube/Tube composite,mg/L,FALSE,FALSE,-0.19849196519025347,FALSE
CHL0717,ST091,2000-09-13,1,NA,1000,13.2,0.003,0.012,0.005,0.005,1.33,1.37,Composite Tube/Tube composite,mg/L,FALSE,FALSE,-0.2150561332837171,FALSE
CHL0718,ST091,2000-09-13,2,NA,1000,16.1,0.004,0.009,0.006,0.005,0.87,0.91,Composite Tube/Tube composite,mg/L,FALSE,FALSE,-0.18289950874952432,FALSE
CHL0719,ST091,2000-09-13,3,NA,1000,13.4,0.001,0.011,0.004,0.004,1.48,1.53,Composite Tube/Tube composite,mg/L,FALSE,FALSE,-0.21554198911008426,FALSE
CHL0720,ST065,2000-09-13,1,NA,1000,15.8,0.003,0.011,0.005,0.005,1.41,1.45,Composite Tube/Tube composite,mg/L,FALSE,FALSE,-0.22064858972444612,FALSE
CHL0721,ST065,2000-09-13,2,NA,1000,11.7,0.004,0.014,0.007,0.006,1.29,1.33,Composite Tube/Tube composite,mg/L,FALSE,FALSE,-0.21225990506335246,FALSE
CHL0722,ST065,2000-09-13,3,NA,1000,12.6,0.003,0.013000000000000001,0.007,0.006,1.36,1.42,Composite Tube/Tube composite,mg/L,FALSE,FALSE,-0.1971533044489906,FALSE
CHL0723,ST095,2000-09-15,1,1,500,13.5,0.001,0.015,0.005,0.005,4.18,4.32,Composite Tube/Tube composite,mg/L,FALSE,FALSE,-0.3142873939846931,TRUE
CHL0724,ST095,2000-09-15,1,2,500,13.3,0.003,0.017,0.005,0.005,4.23,4.34,Composite Tube/Tube composite,mg/L,FALSE,FALSE,-0.34778267926014994,TRUE
CHL0725,ST095,2000-09-15,2,1,500,14.1,0.006,0.02,0.012,0.011,4.24,4.43,Composite Tube/Tube composite,mg/L,FALSE,FALSE,-0.2684817363152412,FALSE
CHL0726,ST095,2000-09-15,2,2,500,15,0.032,0.049,0.04,0.039,5.44,5.69,Composite Tube/Tube composite,mg/L,FALSE,FALSE,-0.2923685829261782,TRUE
CHL0727,ST095,2000-09-15,3,1,500,16.8,0.001,0.01,0.003,0.003,3.38,3.49,Composite Tube/Tube composite,mg/L,FALSE,FALSE,-0.28836282957740167,TRUE
CHL0728,ST095,2000-09-15,3,2,500,13.8,0.003,0.017,0.009,0.008,4.15,4.33,Composite Tube/Tube composite,mg/L,FALSE,FALSE,-0.27219022281942085,FALSE
CHL0729,ST095,2000-09-20,1,1,500,13.8,0,0.015,0.004,0.003,4.59,4.74,Hand Draw/Prélèvement manuel,mg/L,FALSE,FALSE,-0.33294873324343044,TRUE
CHL0730,ST095,2000-09-20,2,2,400,14.7,0,0.009,0.003,0.002,3.62,3.76,Hand Draw/Prélèvement manuel,mg/L,FALSE,FALSE,-0.2751401988995896,TRUE
CHL0731,ST095,2000-09-20,2,1,500,11.9,0,0.013000000000000001,0.004,0.003,3.4,3.53,Hand Draw/Prélèvement manuel,mg/L,FALSE,FALSE,-0.2697609436875843,FALSE
CHL0732,ST095,2000-09-20,3,2,500,13.5,0,0.012,0.003,0.003,3.6,3.72,Hand Draw/Prélèvement manuel,mg/L,FALSE,FALSE,-0.293742084789407,TRUE
CHL0733,ST095,2000-09-20,3,1,500,13.8,0,0.012,0.004,0.004,3.63,3.76,Hand Draw/Prélèvement manuel,mg/L,FALSE,FALSE,-0.28583925595468074,TRUE
CHL0734,ST079,2000-10-03,1,NA,1000,16,0.005,0.034,0.013,0.012,5.14,5.31,,mg/L,FALSE,FALSE,-0.3513968712734439,TRUE
CHL0735,ST095,2000-10-03,1,NA,1000,13.1,0.004,0.018000000000000002,0.007,0.008,2.06,2.12,,mg/L,FALSE,FALSE,-0.2460872983053708,FALSE
CHL0736,ST068,2000-10-11,1,NA,1000,12.7,0.002,0.006,0.002,0.002,0.59,0.6,Composite Tube/Tube composite,mg/L,FALSE,FALSE,-0.1933259112069723,FALSE
CHL0737,ST068,2000-10-11,2,NA,1000,11.1,0.001,0.007,0.002,0.002,0.75,0.77,Composite Tube/Tube composite,mg/L,FALSE,FALSE,-0.19451082408843057,FALSE
CHL0738,ST068,2000-10-11,3,NA,1000,11.2,0.002,0.006,0.003,0.002,0.5,0.51,Composite Tube/Tube composite,mg/L,FALSE,FALSE,-0.18703439771115193,FALSE
CHL0739,ST091,2000-10-11,1,NA,1000,13.3,0,0.007,0.003,0.001,1,1.04,Composite Tube/Tube composite,mg/L,FALSE,FALSE,-0.1919872504657092,FALSE
CHL0740,ST091,2000-10-11,2,NA,1000,13,0,0.009,0.003,0.001,1.28,1.33,Composite Tube/Tube composite,mg/L,FALSE,FALSE,-0.20156084800826135,FALSE
CHL0741,ST091,2000-10-11,3,NA,1000,11.9,0.002,0.01,0.003,0.004,1.08,1.11,Composite Tube/Tube composite,mg/L,FALSE,FALSE,-0.20757970690643845,FALSE
CHL0742,ST095,2000-10-11,1,NA,1000,11.8,0.004,0.014,0.006,0.006,1.32,1.36,Composite Tube/Tube composite,mg/L,FALSE,FALSE,-0.21435707622862576,FALSE
CHL0743,ST095,2000-10-11,2,NA,1000,12.5,0.001,0.01,0.004,0.003,1.23,1.28,Composite Tube/Tube composite,mg/L,FALSE,FALSE,-0.19806556273280562,FALSE
CHL0744,ST095,2000-10-11,3,NA,1000,12.2,0.004,0.014,0.007,0.006,1.34,1.39,Composite Tube/Tube composite,mg/L,FALSE,FALSE,-0.2057551903388084,FALSE
CHL0745,ST065,2000-10-11,1,NA,1000,12.6,0.001,0.01,0.004,0.003,1.24,1.29,Composite Tube/Tube composite,mg/L,FALSE,FALSE,-0.19876461978789672,FALSE
CHL0746,ST065,2000-10-11,2,NA,1000,15.2,0,0.01,0.004,0.003,1.64,1.71,Composite Tube/Tube composite,mg/L,FALSE,FALSE,-0.20672690199154253,FALSE
CHL0747,ST065,2000-10-11,3,NA,1000,14.3,0,0.011,0.003,0.002,1.74,1.8,Composite Tube/Tube composite,mg/L,FALSE,FALSE,-0.223717472542454,FALSE
CHL0748,ST079,2000-10-12,1,NA,1000,14.3,0.001,0.052000000000000005,0.015,0.013,8.07,8.35,,mg/L,FALSE,FALSE,-0.4462205884151498,TRUE
CHL0749,ST079,2000-10-12,2,NA,1000,13.8,0.003,0.042,0.015,0.014,5.92,6.13,,mg/L,FALSE,FALSE,-0.36592332157055374,TRUE
CHL0750,ST079,2000-10-12,3,NA,1000,13.5,0,0.052000000000000005,0.014,0.012,7.78,8.04,,mg/L,FALSE,FALSE,-0.4459479338175072,TRUE
CHL0751,ST065,2001-02-14,1,NA,1000,12.5,0.002,0.003,0.003,0.002,0.12,0.13,,mg/L,FALSE,FALSE,-0.16047022961768842,FALSE
CHL0752,ST065,2001-02-14,2,NA,1000,13,0.001,0.002,0.001,0.001,0.15,0.15,,mg/L,FALSE,FALSE,-0.17256740078296187,FALSE
CHL0753,ST065,2001-02-14,3,NA,1000,11.2,0.002,0.004,0.003,0.003,0.24,0.25,,mg/L,FALSE,FALSE,-0.1688589142787822,FALSE
CHL0754,ST079,2001-02-21,1,NA,1000,14.7,0,0.004,0.002,0.002,0.62,0.65,Composite Tube/Tube composite,mg/L,FALSE,FALSE,-0.1754230823722457,FALSE
CHL0755,ST079,2001-02-21,2,NA,1000,13.1,0,0.005,0.002,0.002,0.71,0.74,Composite Tube/Tube composite,mg/L,FALSE,FALSE,-0.18171459586806593,FALSE
CHL0756,ST079,2001-02-21,3,NA,1000,16.5,0.002,0.005,0.003,0.002,0.54,0.56,Composite Tube/Tube composite,mg/L,FALSE,FALSE,-0.17983062593151655,FALSE
CHL0757,ST079,2001-05-08,1,NA,1000,12.5,0.001,0.034999999999999996,0.011,0.008,4.69,4.85,Composite Tube/Tube composite,mg/L,FALSE,FALSE,-0.329939303794343,TRUE
CHL0758,ST079,2001-05-08,2,NA,1000,12.4,0.001,0.032,0.011,0.008,4.22,4.37,Composite Tube/Tube composite,mg/L,FALSE,FALSE,-0.3070836222050586,TRUE
CHL0759,ST079,2001-05-08,3,NA,1000,12.5,0,0.031,0.01,0.007,4.25,4.41,Composite Tube/Tube composite,mg/L,FALSE,FALSE,-0.2991807933703319,TRUE
CHL0760,ST068,2001-05-09,1,NA,1000,14,0.001,0.021,0.008,0.005,3.05,3.17,Composite Tube/Tube composite,mg/L,FALSE,FALSE,-0.255293946759394,FALSE
CHL0761,ST068,2001-05-09,2,NA,1000,12.2,0.001,0.024,0.008,0.006,3.09,3.2,Composite Tube/Tube composite,mg/L,FALSE,FALSE,-0.2680901749797582,FALSE
CHL0762,ST068,2001-05-09,3,NA,1000,12,0,0.019,0.007,0.004,2.48,2.58,Composite Tube/Tube composite,mg/L,FALSE,FALSE,-0.2354476946191988,FALSE
CHL0763,ST091,2001-05-09,1,NA,1000,11.8,0.002,0.018000000000000002,0.006,0.006,2.1,2.17,Composite Tube/Tube composite,mg/L,FALSE,FALSE,-0.2388835265257354,FALSE
CHL0764,ST091,2001-05-09,2,NA,1000,11.9,0.001,0.017,0.005,0.004,2.12,2.19,Composite Tube/Tube composite,mg/L,FALSE,FALSE,-0.24028164063591761,FALSE
CHL0765,ST091,2001-05-09,3,NA,1000,11.7,0.001,0.018000000000000002,0.005,0.005,2.22,2.29,Composite Tube/Tube composite,mg/L,FALSE,FALSE,-0.24727221118682907,FALSE
CHL0766,ST095,2001-05-09,1,NA,1000,11.6,0.001,0.012,0.003,0.003,1.44,1.48,Composite Tube/Tube composite,mg/L,FALSE,FALSE,-0.22274576088971965,FALSE
CHL0767,ST095,2001-05-09,2,NA,1000,13.9,0.003,0.012,0.004,0.005,1.43,1.46,Composite Tube/Tube composite,mg/L,FALSE,FALSE,-0.23204670383462855,FALSE
CHL0768,ST095,2001-05-09,3,NA,1000,13.5,0.001,0.012,0.003,0.003,1.67,1.72,Composite Tube/Tube composite,mg/L,FALSE,FALSE,-0.22882407315681585,FALSE
CHL0769,ST065,2001-05-09,1,NA,1000,10.3,0.001,0.02,0.006,0.005,2.17,2.24,Composite Tube/Tube composite,mg/L,FALSE,FALSE,-0.2437769259113729,FALSE
CHL0770,ST065,2001-05-09,2,NA,1000,12,0,0.017,0.006,0.004,2.22,2.31,Composite Tube/Tube composite,mg/L,FALSE,FALSE,-0.22727221118682905,FALSE
CHL0771,ST065,2001-05-09,3,NA,1000,12.3,0,0.015,0.006,0.004,1.99,2.08,Composite Tube/Tube composite,mg/L,FALSE,FALSE,-0.21119389891973261,FALSE
CHL0772,ST079,2001-05-22,1,NA,1000,14.2,0,0.031,0.01,0.0085,4.83,5.01,Composite Tube/Tube composite,mg/L,FALSE,FALSE,-0.3197261025656184,TRUE
CHL0773,ST079,2001-05-22,2,NA,1000,16,0.001,0.025,0.008,0.006,4.24,4.38,Composite Tube/Tube composite,mg/L,FALSE,FALSE,-0.318481736315241,TRUE
CHL0774,ST079,2001-05-22,3,NA,1000,13.4,0.002,0.031,0.0115,0.01,4.26,4.42,Composite Tube/Tube composite,mg/L,FALSE,FALSE,-0.2998798504254232,TRUE
CHL0775,ST068,2001-05-22,1,NA,1000,13.4,0.003,0.015,0.006,0.005,1.79,1.85,Composite Tube/Tube composite,mg/L,FALSE,FALSE,-0.22721275781790995,FALSE
CHL0776,ST068,2001-05-22,2,NA,1000,12.5,0,0.006,0.002,0.002,0.82,0.85,Composite Tube/Tube composite,mg/L,FALSE,FALSE,-0.1894042234740686,FALSE
CHL0777,ST068,2001-05-22,3,NA,1000,14.7,0.006,0.014,0.008,0.008,1.31,1.35,Composite Tube/Tube composite,mg/L,FALSE,FALSE,-0.21365801917353466,FALSE
CHL0778,ST091,2001-05-22,1,NA,1000,10.1,0.001,0.012,0.005,0.002,1.21,1.26,Composite Tube/Tube composite,mg/L,FALSE,FALSE,-0.1966674486226232,FALSE
CHL0779,ST091,2001-05-22,2,NA,1000,12,0.002,0.011,0.004,0.003,1.21,1.24,Composite Tube/Tube composite,mg/L,FALSE,FALSE,-0.21666744862262322,FALSE
CHL0780,ST091,2001-05-22,3,NA,1000,11.8,0.001,0.009,0.002,0.002,1.07,1.1,Composite Tube/Tube composite,mg/L,FALSE,FALSE,-0.20688064985134713,FALSE
CHL0781,ST095,2001-05-22,1,NA,1000,13.1,0.001,0.015,0.004,0.004,2.05,2.12,Composite Tube/Tube composite,mg/L,FALSE,FALSE,-0.23538824125027924,FALSE
CHL0782,ST095,2001-05-22,2,NA,1000,12.4,0.001,0.014,0.004,0.004,1.8,1.86,Composite Tube/Tube composite,mg/L,FALSE,FALSE,-0.22791181487300105,FALSE
CHL0783,ST095,2001-05-22,3,NA,1000,10,0,0.02,0.006,0.004,2.2,2.28,Composite Tube/Tube composite,mg/L,FALSE,FALSE,-0.23587409707664708,FALSE
CHL0784,ST065,2001-05-22,1,NA,1000,11.8,0,0.008,0.002,0.001,1.05,1.08,Composite Tube/Tube composite,mg/L,FALSE,FALSE,-0.20548253574116493,FALSE
CHL0785,ST065,2001-05-22,2,NA,1000,12,0.003,0.012,0.005,0.004,1.21,1.24,Composite Tube/Tube composite,mg/L,FALSE,FALSE,-0.21666744862262322,FALSE
CHL0786,ST065,2001-05-22,3,NA,1000,12.4,0,0.007,0.002,0.002,0.96,0.99,Composite Tube/Tube composite,mg/L,FALSE,FALSE,-0.19919102224534457,FALSE
CHL0787,ST068,2001-06-20,1,NA,1000,13.7,0.001,0.024,0.007,0.005,3.5,3.61,Composite Tube/Tube composite,mg/L,FALSE,FALSE,-0.2967515142384958,TRUE
CHL0788,ST068,2001-06-20,2,NA,1000,12.5,0.002,0.026000000000000002,0.008,0.007,3.34,3.44,Composite Tube/Tube composite,mg/L,FALSE,FALSE,-0.29556660135703705,TRUE
CHL0789,ST068,2001-06-20,3,NA,1000,11.4,0,0.026000000000000002,0.007,0.006,3.28,3.39,Composite Tube/Tube composite,mg/L,FALSE,FALSE,-0.2813722590264902,TRUE
CHL0790,ST091,2001-06-20,1,NA,1000,15.2,0,0.014,0.005,0.003,2.32,2.41,Composite Tube/Tube composite,mg/L,FALSE,FALSE,-0.23426278173774007,FALSE
CHL0791,ST091,2001-06-20,2,NA,1000,12.3,0.001,0.022,0.007,0.005,2.85,2.95,Composite Tube/Tube composite,mg/L,FALSE,FALSE,-0.2613128056575711,FALSE
CHL0792,ST091,2001-06-20,3,NA,1000,13.6,0.001,0.015,0.004,0.002,2.13,2.19,Composite Tube/Tube composite,mg/L,FALSE,FALSE,-0.2509806976910087,FALSE
CHL0793,ST095,2001-06-20,1,1,500,11.5,0,0.024,0.006,0.004,6.14,6.34,Composite Tube/Tube composite,mg/L,FALSE,FALSE,-0.3913025767825582,TRUE
CHL0794,ST095,2001-06-20,1,2,500,11.6,0.012,0.033,0.017,0.014,5.43,5.6,Composite Tube/Tube composite,mg/L,FALSE,FALSE,-0.3716695258710869,TRUE
CHL0795,ST095,2001-06-20,2,1,500,12.7,0.003,0.024,0.008,0.007,5.94,6.13,Composite Tube/Tube composite,mg/L,FALSE,FALSE,-0.38732143568073596,TRUE
CHL0796,ST095,2001-06-20,2,2,500,14,0.001,0.019,0.005,0.004,5.63,5.81,Composite Tube/Tube composite,mg/L,FALSE,FALSE,-0.37565066697291005,TRUE
CHL0797,ST095,2001-06-20,3,1,500,12.3,0.001,0.02,0.005,0.005,5.24,5.4,Composite Tube/Tube composite,mg/L,FALSE,FALSE,-0.3683874418243551,TRUE
CHL0798,ST095,2001-06-20,3,2,500,12,0,0.02,0.005,0.004,5.34,5.51,Composite Tube/Tube composite,mg/L,FALSE,FALSE,-0.3653780123752668,TRUE
CHL0799,ST065,2001-06-20,1,NA,1000,11.8,0,0.013000000000000001,0.003,0.002,1.71,1.77,Composite Tube/Tube composite,mg/L,FALSE,FALSE,-0.22162030137718047,FALSE
CHL0800,ST065,2001-06-20,2,NA,1000,11.9,0.001,0.015,0.004,0.004,1.87,1.92,Composite Tube/Tube composite,mg/L,FALSE,FALSE,-0.242805214258639,FALSE
CHL0801,ST065,2001-06-20,3,NA,1000,12.7,0.006,0.019,0.009,0.009,1.84,1.9,Composite Tube/Tube composite,mg/L,FALSE,FALSE,-0.23070804309336568,FALSE
CHL0802,ST079,2001-06-25,1,NA,1000,13.9,0.001,0.023,0.005,0.006,3.45,3.54,Composite Tube/Tube composite,mg/L,FALSE,FALSE,-0.31325622896304006,TRUE
CHL0803,ST079,2001-06-25,2,NA,1000,10.5,0.001,0.032,0.009,0.007,3.61,3.73,Composite Tube/Tube composite,mg/L,FALSE,FALSE,-0.2944411418444983,TRUE
CHL0804,ST079,2001-06-25,3,NA,1000,10.5,0.001,0.03,0.009,0.006,3.37,3.48,Composite Tube/Tube composite,mg/L,FALSE,FALSE,-0.2876637725223108,TRUE
CHL0805,ST079,2001-07-18,1,NA,1000,13.8,0.006,0.03,0.011,0.009,3.71,3.82,Composite Tube/Tube composite,mg/L,FALSE,FALSE,-0.31143171239541045,TRUE
CHL0806,ST079,2001-07-18,2,NA,1000,13.1,0.002,0.027,0.009,0.007,3.62,3.74,Composite Tube/Tube composite,mg/L,FALSE,FALSE,-0.2951401988995892,TRUE
CHL0807,ST079,2001-07-18,3,NA,1000,13,0.002,0.028,0.009,0.007,3.74,3.87,Composite Tube/Tube composite,mg/L,FALSE,FALSE,-0.2935288835606835,TRUE
CHL0808,ST068,2001-07-18,1,NA,1000,12,0.001,0.034,0.01,0.007,4.38,4.53,Composite Tube/Tube composite,mg/L,FALSE,FALSE,-0.3182685350865162,TRUE
CHL0809,ST068,2001-07-18,2,NA,1000,11.4,0.001,0.038,0.01,0.008,4.7,4.85,Composite Tube/Tube composite,mg/L,FALSE,FALSE,-0.3406383608494341,TRUE
CHL0810,ST068,2001-07-18,3,NA,1000,11.1,0.002,0.041,0.011,0.01,4.83,4.98,Composite Tube/Tube composite,mg/L,FALSE,FALSE,-0.34972610256561776,TRUE
CHL0811,ST091,2001-07-18,1,NA,1000,15.7,0.001,0.012,0.003,0.002,1.94,2,Composite Tube/Tube composite,mg/L,FALSE,FALSE,-0.2376986136442767,FALSE
CHL0812,ST091,2001-07-18,2,NA,1000,14.2,0.002,0.015,0.004,0.004,2.09,2.15,Composite Tube/Tube composite,mg/L,FALSE,FALSE,-0.24818446947064388,FALSE
CHL0813,ST091,2001-07-18,3,NA,1000,13,0.002,0.016,0.006,0.004,2.01,2.08,Composite Tube/Tube composite,mg/L,FALSE,FALSE,-0.23259201302991483,FALSE
CHL0814,ST095,2001-07-18,2,1,500,10.7,0.001,0.021,0.006,0.005,4.76,4.91,Composite Tube/Tube composite,mg/L,FALSE,FALSE,-0.34483270317998027,TRUE
CHL0815,ST095,2001-07-18,2,2,500,15.9,0.001,0.016,0.004,0.003,5.35,5.51,Composite Tube/Tube composite,mg/L,FALSE,FALSE,-0.3760770694303579,TRUE
CHL0816,ST095,2001-07-18,3,1,500,11.6,0.002,0.017,0.007,0.006,3.81,3.95,Composite Tube/Tube composite,mg/L,FALSE,FALSE,-0.2884222829463212,TRUE
CHL0817,ST095,2001-07-18,3,2,500,10.6,0.001,0.021,0.006,0.005,4.71,4.87,Composite Tube/Tube composite,mg/L,FALSE,FALSE,-0.33133741790452476,TRUE
CHL0818,ST065,2001-07-18,1,NA,1000,11.4,0.001,0.015,0.004,0.003,1.79,1.84,Composite Tube/Tube composite,mg/L,FALSE,FALSE,-0.23721275781790996,FALSE
CHL0819,ST065,2001-07-18,2,NA,1000,12.6,0.001,0.016,0.009,0.004,1.99,2.09,Composite Tube/Tube composite,mg/L,FALSE,FALSE,-0.20119389891973283,FALSE
CHL0820,ST065,2001-07-18,3,NA,1000,11.4,0.001,0.011,0.003,0.002,1.28,1.32,Composite Tube/Tube composite,mg/L,FALSE,FALSE,-0.21156084800826136,FALSE
CHL0821,ST079,2001-08-15,1,1,500,10.9,0.002,0.009,0.005,0.004,1.64,1.71,Composite Tube/Tube composite,mg/L,FALSE,FALSE,-0.20672690199154253,FALSE
CHL0822,ST079,2001-08-15,1,2,500,13.6,0.001,0.006,0.002,0.002,1.53,1.57,Composite Tube/Tube composite,mg/L,FALSE,FALSE,-0.22903727438554,FALSE
CHL0823,ST079,2001-08-15,2,1,500,11.7,0.002,0.007,0.003,0.002,1.31,1.35,Composite Tube/Tube composite,mg/L,FALSE,FALSE,-0.21365801917353466,FALSE
CHL0824,ST079,2001-08-15,2,2,500,13.2,0.001,0.007,0.002,0,1.78,1.83,Composite Tube/Tube composite,mg/L,FALSE,FALSE,-0.23651370076281886,FALSE
CHL0825,ST079,2001-08-15,3,1,500,11.2,0,0.007,0.002,0,1.73,1.79,Composite Tube/Tube composite,mg/L,FALSE,FALSE,-0.2230184154873629,FALSE
CHL0826,ST079,2001-08-15,3,2,500,14,0.003,0.009,0.005,0.003,1.83,1.9,Composite Tube/Tube composite,mg/L,FALSE,FALSE,-0.22000898603827457,FALSE
CHL0827,ST068,2001-08-15,1,1,500,10,0.006,0.015,0.01,0.009,1.93,2.01,Composite Tube/Tube composite,mg/L,FALSE,FALSE,-0.2169995565891858,FALSE
CHL0828,ST068,2001-08-15,1,2,500,12.1,0.006,0.013000000000000001,0.01,0.01,1.77,1.87,Composite Tube/Tube composite,mg/L,FALSE,FALSE,-0.18581464370772727,FALSE
CHL0829,ST068,2001-08-15,2,1,500,12.3,0.001,0.004,0.001,0.001,0.86,0.87,Composite Tube/Tube composite,mg/L,FALSE,FALSE,-0.21220045169443325,FALSE
CHL0830,ST068,2001-08-15,2,2,500,11.2,0,0.005,0.004,0.002,1.11,1.19,Composite Tube/Tube composite,mg/L,FALSE,FALSE,-0.15967687807171194,FALSE
CHL0831,ST068,2001-08-15,3,2,500,11.5,0,0.007,0.002,0.001,1.78,1.84,Composite Tube/Tube composite,mg/L,FALSE,FALSE,-0.22651370076281885,FALSE
CHL0832,ST068,2001-08-15,3,1,500,12.5,0.001,0.007,0.002,0.001,1.69,1.74,Composite Tube/Tube composite,mg/L,FALSE,FALSE,-0.23022218726699828,FALSE
CHL0833,ST091,2001-08-15,1,1,500,12.4,0.001,0.007,0.004,0.003,1.58,1.65,Composite Tube/Tube composite,mg/L,FALSE,FALSE,-0.20253255966099593,FALSE
CHL0834,ST091,2001-08-15,1,2,500,12.7,0,0.003,0.001,0.001,0.83,0.87,Composite Tube/Tube composite,mg/L,FALSE,FALSE,-0.1801032805291597,FALSE
CHL0835,ST091,2001-08-15,2,1,500,11.4,0,0.004,0.001,0,1.01,1.05,Composite Tube/Tube composite,mg/L,FALSE,FALSE,-0.1926863075208003,FALSE
CHL0836,ST091,2001-08-15,2,2,500,11.2,0.005,0.009,0.006,0.006,1,1.03,Composite Tube/Tube composite,mg/L,FALSE,FALSE,-0.2019872504657092,FALSE
CHL0837,ST091,2001-08-15,3,1,500,11.9,0,0.004,0.001,0.001,1.06,1.09,Composite Tube/Tube composite,mg/L,FALSE,FALSE,-0.20618159279625603,FALSE
CHL0838,ST091,2001-08-15,3,2,500,11.3,0,0.004,0.001,0.001,1.01,1.04,Composite Tube/Tube composite,mg/L,FALSE,FALSE,-0.2026863075208003,FALSE
CHL0839,ST095,2001-08-15,1,1,500,13.3,0.003,0.014,0.005,0.004,3.29,3.39,Composite Tube/Tube composite,mg/L,FALSE,FALSE,-0.2920713160815813,TRUE
CHL0840,ST095,2001-08-15,1,2,500,13.3,0.004,0.017,0.007,0.005,3.86,3.98,Composite Tube/Tube composite,mg/L,FALSE,FALSE,-0.31191756822177696,TRUE
CHL0841,ST095,2001-08-15,2,2,500,14.8,0.002,0.01,0.003,0.001,2.69,2.76,Composite Tube/Tube composite,mg/L,FALSE,FALSE,-0.28012789277611283,TRUE
CHL0842,ST095,2001-08-15,2,1,500,13.7,0.002,0.013000000000000001,0.005,0.005,3.34,3.45,Composite Tube/Tube composite,mg/L,FALSE,FALSE,-0.2855666013570368,TRUE
CHL0843,ST095,2001-08-15,3,1,500,13.3,0.001,0.012,0.004,0.002,3.24,3.35,Composite Tube/Tube composite,mg/L,FALSE,FALSE,-0.2785760308061258,TRUE
CHL0844,ST095,2001-08-15,3,2,500,10.9,0.009,0.022,0.013,0.012,3.12,3.23,Composite Tube/Tube composite,mg/L,FALSE,FALSE,-0.27018734614503215,FALSE
CHL0845,ST065,2001-08-15,1,1,500,13.2,0.001,0.005,0.002,0.001,1.17,1.21,Composite Tube/Tube composite,mg/L,FALSE,FALSE,-0.20387122040225858,FALSE
CHL0846,ST065,2001-08-15,1,2,500,14.6,0.001,0.006,0.002,0,1.63,1.68,Composite Tube/Tube composite,mg/L,FALSE,FALSE,-0.22602784493645145,FALSE
CHL0847,ST065,2001-08-15,2,1,500,13.6,0.002,0.006,0.002,0,1.26,1.28,Composite Tube/Tube composite,mg/L,FALSE,FALSE,-0.23016273389807895,FALSE
CHL0848,ST065,2001-08-15,2,2,500,13,0.001,0.006,0.002,0,1.45,1.5,Composite Tube/Tube composite,mg/L,FALSE,FALSE,-0.21344481794481074,FALSE
CHL0849,ST065,2001-08-15,3,1,500,13,0,0.004,0.001,0.001,1.16,1.19,Composite Tube/Tube composite,mg/L,FALSE,FALSE,-0.2131721633471675,FALSE
CHL0850,ST065,2001-08-15,3,2,500,13.1,0.005,0.009,0.007,0.006,1.11,1.16,Composite Tube/Tube composite,mg/L,FALSE,FALSE,-0.18967687807171196,FALSE
CHL0851,ST068,2001-09-11,1,NA,1000,12,0.001,0.012,0.004,0.004,1.46,1.51,Composite Tube/Tube composite,mg/L,FALSE,FALSE,-0.21414387499990184,FALSE
CHL0852,ST068,2001-09-11,2,NA,1000,11,0.001,0.012,0.003,0.003,1.36,1.4,Composite Tube/Tube composite,mg/L,FALSE,FALSE,-0.21715330444899061,FALSE
CHL0853,ST068,2001-09-11,3,NA,1000,11.8,0,0.012,0.003,0.003,1.58,1.63,Composite Tube/Tube composite,mg/L,FALSE,FALSE,-0.22253255966099594,FALSE
CHL0854,ST091,2001-09-11,1,NA,1000,14.3,0.001,0.015,0.004,0.004,2.24,2.31,Composite Tube/Tube composite,mg/L,FALSE,FALSE,-0.24867032529701127,FALSE
CHL0855,ST091,2001-09-11,2,NA,1000,12.3,0.002,0.014,0.005,0.004,1.64,1.69,Composite Tube/Tube composite,mg/L,FALSE,FALSE,-0.22672690199154255,FALSE
CHL0856,ST091,2001-09-11,3,NA,1000,11.8,0,0.015,0.004,0.004,1.96,2.03,Composite Tube/Tube composite,mg/L,FALSE,FALSE,-0.22909672775445955,FALSE
CHL0857,ST095,2001-09-11,1,1,510,11.8,0.001,0.018000000000000002,0.004,0.004,4.44,4.56,Composite Tube/Tube composite,mg/L,FALSE,FALSE,-0.3524628774170644,TRUE
CHL0858,ST095,2001-09-11,1,2,500,12.8,0.001,0.016,0.004,0.003,4.31,4.44,Composite Tube/Tube composite,mg/L,FALSE,FALSE,-0.3333751357008783,TRUE
CHL0859,ST095,2001-09-11,2,1,500,12.5,0,0.011,0.002,0.002,3.1,3.19,Composite Tube/Tube composite,mg/L,FALSE,FALSE,-0.28878923203484996,TRUE
CHL0860,ST095,2001-09-11,2,2,500,12.6,0.002,0.02,0.005,0.005,5.12,5.26,Composite Tube/Tube composite,mg/L,FALSE,FALSE,-0.37999875716326237,TRUE
CHL0861,ST095,2001-09-11,3,1,500,14.3,0.002,0.016,0.006,0.005,4.42,4.58,Composite Tube/Tube composite,mg/L,FALSE,FALSE,-0.3110647633068817,TRUE
CHL0862,ST095,2001-09-11,3,2,500,12.8,0.001,0.018000000000000002,0.005,0.005,4.85,5.01,Composite Tube/Tube composite,mg/L,FALSE,FALSE,-0.3411242166758006,TRUE
CHL0863,ST065,2001-09-11,1,NA,1000,14.7,0.002,0.015,0.005,0.005,2.13,2.2,Composite Tube/Tube composite,mg/L,FALSE,FALSE,-0.2409806976910085,FALSE
CHL0864,ST065,2001-09-11,2,NA,1000,13.1,0,0.016,0.004,0.004,2.33,2.41,Composite Tube/Tube composite,mg/L,FALSE,FALSE,-0.24496183879283162,FALSE
CHL0865,ST065,2001-09-11,3,NA,1000,14.2,0.001,0.016,0.005,0.004,2.36,2.44,Composite Tube/Tube composite,mg/L,FALSE,FALSE,-0.24705900995810515,FALSE
CHL0866,ST079,2001-09-17,1,NA,1000,12.1,0.001,0.033,0.008,0.008,4.33,4.46,Composite Tube/Tube composite,mg/L,FALSE,FALSE,-0.33477324981106094,TRUE
CHL0867,ST079,2001-09-17,2,NA,1000,12.4,0.001,0.03,0.008,0.008,4.01,4.13,Composite Tube/Tube composite,mg/L,FALSE,FALSE,-0.3224034240481446,TRUE
CHL0868,ST079,2001-09-17,3,NA,1000,12.8,0.001,0.031,0.008,0.007,4.28,4.42,Composite Tube/Tube composite,mg/L,FALSE,FALSE,-0.3212779645356054,TRUE
CHL0869,ST068,2001-10-10,1,NA,915,11.6,0.001,0.01,0.003,0.003,1.28,1.32,Composite Tube/Tube composite,mg/L,FALSE,FALSE,-0.21156084800826136,FALSE
CHL0870,ST068,2001-10-10,2,NA,930,12.2,0.005,0.015,0.007,0.007,1.47,1.52,Composite Tube/Tube composite,mg/L,FALSE,FALSE,-0.21484293205499294,FALSE
CHL0871,ST068,2001-10-10,3,NA,920,10.1,0.001,0.014,0.005,0.004,1.57,1.63,Composite Tube/Tube composite,mg/L,FALSE,FALSE,-0.2118335026059046,FALSE
CHL0872,ST091,2001-10-10,1,NA,1000,14.1,0.002,0.011,0.003,0.003,1.45,1.48,Composite Tube/Tube composite,mg/L,FALSE,FALSE,-0.23344481794481076,FALSE
CHL0873,ST091,2001-10-10,2,NA,1000,13,0.003,0.016,0.006,0.006,1.89,1.95,Composite Tube/Tube composite,mg/L,FALSE,FALSE,-0.23420332836882118,FALSE
CHL0874,ST091,2001-10-10,3,NA,1000,14.9,0.001,0.01,0.003,0.003,1.5,1.55,Composite Tube/Tube composite,mg/L,FALSE,FALSE,-0.21694010322026647,FALSE
CHL0875,ST095,2001-10-10,1,NA,1000,11.8,0.003,0.052000000000000005,0.015,0.014,6.44,6.64,Composite Tube/Tube composite,mg/L,FALSE,FALSE,-0.41227428843529346,TRUE
CHL0876,ST095,2001-10-10,2,NA,1000,13.3,0.016,0.061,0.028,0.027,6.64,6.86,Composite Tube/Tube composite,mg/L,FALSE,FALSE,-0.406255429537115,TRUE
CHL0877,ST095,2001-10-10,3,NA,990,12.3,0.001,0.047,0.012,0.01,6.37,6.57,Composite Tube/Tube composite,mg/L,FALSE,FALSE,-0.4073808890496551,TRUE
CHL0878,ST065,2001-10-10,1,NA,880,11.8,0.002,0.014,0.004,0.003,1.82,1.87,,mg/L,FALSE,FALSE,-0.23930992898318326,FALSE
CHL0879,ST065,2001-10-10,2,NA,899,13.4,0.001,0.014,0.004,0.003,2.16,2.23,,mg/L,FALSE,FALSE,-0.24307786885628246,FALSE
CHL0880,ST065,2001-10-10,3,NA,870,11.8,0.001,0.013000000000000001,0.003,0.003,1.84,1.89,,mg/L,FALSE,FALSE,-0.2407080430933657,FALSE
CHL0881,ST079,2001-10-11,1,NA,1000,11.1,0.002,0.032,0.01,0.009,3.69,3.82,Composite Tube/Tube composite,mg/L,FALSE,FALSE,-0.29003359828522735,TRUE
CHL0882,ST079,2001-10-11,2,NA,1000,11,0.001,0.028,0.008,0.008,3.3,3.41,Composite Tube/Tube composite,mg/L,FALSE,FALSE,-0.2827703731366724,TRUE
CHL0883,ST079,2001-10-11,3,NA,1000,11.4,0.001,0.028999999999999998,0.007,0.007,3.57,3.68,Composite Tube/Tube composite,mg/L,FALSE,FALSE,-0.30164491362413326,TRUE
CHL0884,ST095,2001-11-13,1,NA,1000,10.7,0.001,0.012,0.003,0.002,1.32,1.36,Composite Tube/Tube composite,mg/L,FALSE,FALSE,-0.21435707622862576,FALSE
CHL0885,ST095,2001-11-13,2,NA,1000,12.4,0.001,0.011,0.002,0.002,1.42,1.45,Composite Tube/Tube composite,mg/L,FALSE,FALSE,-0.23134764677953723,FALSE
CHL0886,ST095,2001-11-13,3,NA,1000,11.9,0.001,0.011,0.003,0.002,1.33,1.37,Composite Tube/Tube composite,mg/L,FALSE,FALSE,-0.2150561332837171,FALSE
CHL0887,ST065,2001-11-13,1,NA,1000,12.5,0.002,0.02,0.007,0.005,2.49,2.57,Composite Tube/Tube composite,mg/L,FALSE,FALSE,-0.25614675167429013,FALSE
CHL0888,ST065,2001-11-13,2,NA,1000,12.3,0.001,0.02,0.005,0.004,2.62,2.7,Composite Tube/Tube composite,mg/L,FALSE,FALSE,-0.26523449339047467,FALSE
CHL0889,ST065,2001-11-13,3,NA,1000,11.6,0.002,0.023,0.006,0.006,2.74,2.82,Composite Tube/Tube composite,mg/L,FALSE,FALSE,-0.27362317805156877,FALSE
CHL0890,ST079,2001-11-14,1,NA,1000,11.5,0.002,0.07600000000000001,0.021,0.019,9.45,9.76,Composite Tube/Tube composite,mg/L,FALSE,FALSE,-0.5126904620177264,TRUE
CHL0891,ST079,2001-11-14,2,NA,1000,12.3,0.002,0.07100000000000001,0.019,0.017,9.45,9.75,Composite Tube/Tube composite,mg/L,FALSE,FALSE,-0.5226904620177262,TRUE
CHL0892,ST079,2001-11-14,3,NA,1000,14.5,0.003,0.063,0.018,0.016,9.68,9.99,Composite Tube/Tube composite,mg/L,TRUE,TRUE,-0.5287687742848224,TRUE
CHL0893,ST068,2002-05-15,1,NA,1000,10.1,0.005,0.025,0.013,0.011,2.18,2.27,Composite Tube/Tube composite,mg/L,FALSE,FALSE,-0.22447598296646465,FALSE
CHL0894,ST068,2002-05-15,2,NA,1000,9.5,0.002,0.02,0.006,0.005,1.91,1.97,Composite Tube/Tube composite,mg/L,FALSE,FALSE,-0.2356014424790034,FALSE
CHL0895,ST091,2002-05-15,1,NA,1000,12.4,0.002,0.012,0.004,0.003,1.39,1.43,Composite Tube/Tube composite,mg/L,FALSE,FALSE,-0.21925047561426392,FALSE
CHL0896,ST091,2002-05-15,2,NA,1000,10.5,0.006,0.018000000000000002,0.009,0.008,1.4,1.45,Composite Tube/Tube composite,mg/L,FALSE,FALSE,-0.209949532669355,FALSE
CHL0897,ST091,2002-05-15,3,NA,1000,10.3,0.001,0.014,0.004,0.003,1.49,1.54,Composite Tube/Tube composite,mg/L,FALSE,FALSE,-0.21624104616517537,FALSE
CHL0898,ST095,2002-05-15,1,NA,1000,11.7,0.003,0.008,0.003,0.003,0.68,0.69,Composite Tube/Tube composite,mg/L,FALSE,FALSE,-0.19961742470279265,FALSE
CHL0899,ST095,2002-05-15,2,NA,1000,12.1,0.001,0.008,0.002,0.002,0.96,0.99,Composite Tube/Tube composite,mg/L,FALSE,FALSE,-0.19919102224534457,FALSE
CHL0900,ST095,2002-05-15,3,NA,1000,10.5,0.005,0.012,0.006,0.006,0.83,0.86,Composite Tube/Tube composite,mg/L,FALSE,FALSE,-0.1901032805291597,FALSE
CHL0901,ST065,2002-05-15,1,NA,840,10.2,0.001,0.009,0.002,0.002,1.11,1.13,Composite Tube/Tube composite,mg/L,FALSE,FALSE,-0.219676878071712,FALSE
CHL0902,ST065,2002-05-15,2,NA,940,10.5,0,0.009,0.002,0.002,1.12,1.16,Composite Tube/Tube composite,mg/L,FALSE,FALSE,-0.20037593512680307,FALSE
CHL0903,ST065,2002-05-15,3,NA,925,10.6,0.001,0.009,0.003,0.002,1.02,1.05,Composite Tube/Tube composite,mg/L,FALSE,FALSE,-0.2033853645758914,FALSE
CHL0904,ST079,2002-05-30,1,NA,1000,11,0.001,0.023,0.008,0.007,2.66,2.75,Composite Tube/Tube composite,mg/L,FALSE,FALSE,-0.25803072161083973,FALSE
CHL0905,ST079,2002-05-30,2,NA,1000,10.5,0.001,0.026000000000000002,0.009,0.008,2.88,2.99,Composite Tube/Tube composite,mg/L,FALSE,FALSE,-0.2534099768228444,FALSE
CHL0906,ST079,2002-05-30,3,NA,1000,11.1,0.001,0.028,0.009,0.008,3.3,3.42,Composite Tube/Tube composite,mg/L,FALSE,FALSE,-0.27277037313667263,FALSE
CHL0907,ST068,2002-05-30,1,NA,1000,10.5,0.004,0.013000000000000001,0.007,0.007,1.04,1.07,Composite Tube/Tube composite,mg/L,FALSE,FALSE,-0.20478347868607383,FALSE
CHL0908,ST068,2002-05-30,2,NA,1000,10.3,0.001,0.012,0.005,0.003,1.23,1.28,Composite Tube/Tube composite,mg/L,FALSE,FALSE,-0.19806556273280562,FALSE
CHL0909,ST068,2002-05-30,3,2,500,11.3,0.001,0.006,0.003,0,1.22,1.27,Composite Tube/Tube composite,mg/L,FALSE,FALSE,-0.1973665056777143,FALSE
CHL0910,ST068,2002-05-30,3,1,500,12,0.002,0.006,0.002,0.001,1.12,1.14,Composite Tube/Tube composite,mg/L,FALSE,FALSE,-0.2203759351268031,FALSE
CHL0911,ST091,2002-05-30,1,NA,1000,11.6,0.002,0.012,0.004,0.003,1.3,1.34,Composite Tube/Tube composite,mg/L,FALSE,FALSE,-0.21295896211844356,FALSE
CHL0912,ST091,2002-05-30,2,NA,1000,11.6,0,0.011,0.004,0.003,1.39,1.44,Composite Tube/Tube composite,mg/L,FALSE,FALSE,-0.2092504756142639,FALSE
CHL0913,ST091,2002-05-30,3,NA,1000,10.7,0.002,0.012,0.005,0.004,1.18,1.22,Composite Tube/Tube composite,mg/L,FALSE,FALSE,-0.2045702774573499,FALSE
CHL0914,ST095,2002-05-30,1,NA,1000,11.3,0.001,0.007,0.002,0.001,0.76,0.79,Composite Tube/Tube composite,mg/L,FALSE,FALSE,-0.18520988114352166,FALSE
CHL0915,ST095,2002-05-30,2,NA,1000,11.8,0.001,0.006,0.002,0.001,0.66,0.68,Composite Tube/Tube composite,mg/L,FALSE,FALSE,-0.1882193105926102,FALSE
CHL0916,ST095,2002-05-30,3,NA,1000,12.2,0.001,0.005,0.002,0.001,0.54,0.56,Composite Tube/Tube composite,mg/L,FALSE,FALSE,-0.17983062593151655,FALSE
CHL0917,ST065,2002-05-30,1,NA,1000,10.4,0.002,0.01,0.003,0.002,0.95,0.97,Composite Tube/Tube composite,mg/L,FALSE,FALSE,-0.20849196519025348,FALSE
CHL0918,ST065,2002-05-30,2,NA,1000,11,0.001,0.007,0.003,0.001,0.72,0.75,Composite Tube/Tube composite,mg/L,FALSE,FALSE,-0.18241365292315714,FALSE
CHL0919,ST065,2002-05-30,3,NA,1000,10.9,0.001,0.01,0.003,0.001,1.09,1.13,Composite Tube/Tube composite,mg/L,FALSE,FALSE,-0.19827876396152977,FALSE
CHL0920,ST079,2002-06-25,1,NA,935,9.9,0.004,0.039,0.014,0.01,4.09,4.23,,mg/L,FALSE,FALSE,-0.30799588048887294,TRUE
CHL0921,ST068,2002-06-25,1,NA,1000,10.2,0.001,0.02,0.007,0.004,2.13,2.2,Composite Tube/Tube composite,mg/L,FALSE,FALSE,-0.2409806976910085,FALSE
CHL0922,ST068,2002-06-25,2,NA,1000,15.5,0.001,0.012,0.004,0.003,1.89,1.95,Composite Tube/Tube composite,mg/L,FALSE,FALSE,-0.23420332836882118,FALSE
CHL0923,ST068,2002-06-25,3,NA,810,12.2,0,0.015,0.006,0.003,2.44,2.54,Composite Tube/Tube composite,mg/L,FALSE,FALSE,-0.23265146639883394,FALSE
CHL0924,ST091,2002-06-25,1,NA,1000,10.5,0.001,0.026000000000000002,0.009,0.006,2.88,2.99,Composite Tube/Tube composite,mg/L,FALSE,FALSE,-0.2534099768228444,FALSE
CHL0925,ST091,2002-06-25,2,NA,1000,12.6,0.002,0.023,0.008,0.006,2.92,3.02,Composite Tube/Tube composite,mg/L,FALSE,FALSE,-0.266206205043209,FALSE
CHL0926,ST091,2002-06-25,3,NA,1000,12,0.001,0.024,0.007,0.005,3.06,3.16,Composite Tube/Tube composite,mg/L,FALSE,FALSE,-0.2759930038144853,TRUE
CHL0927,ST095,2002-06-25,1,2,500,10,0.003,0.022,0.01,0.008,4.13,4.3,Composite Tube/Tube composite,mg/L,FALSE,FALSE,-0.280792108709238,TRUE
CHL0928,ST095,2002-06-25,1,1,500,11.8,0.002,0.022,0.007,0.006,5.25,5.42,Composite Tube/Tube composite,mg/L,FALSE,FALSE,-0.35908649887944666,TRUE
CHL0929,ST095,2002-06-25,2,2,500,10,0.003,0.032,0.014,0.013,6.3,6.55,Composite Tube/Tube composite,mg/L,FALSE,FALSE,-0.3524874896640169,TRUE
CHL0930,ST095,2002-06-25,2,1,500,10,0.001,0.027,0.009,0.006,5.72,5.92,Composite Tube/Tube composite,mg/L,FALSE,FALSE,-0.3619421804687306,TRUE
CHL0931,ST095,2002-06-25,3,2,500,13.7,0.003,0.024,0.01,0.007,6.29,6.53,Composite Tube/Tube composite,mg/L,FALSE,FALSE,-0.36178843260892535,TRUE
CHL0932,ST095,2002-06-25,3,1,500,11.1,0.002,0.027,0.011,0.008,6.04,6.28,Composite Tube/Tube composite,mg/L,FALSE,FALSE,-0.3443120062316467,TRUE
CHL0933,ST065,2002-06-25,1,NA,1000,12.6,0.001,0.02,0.007,0.005,2.63,2.72,Composite Tube/Tube composite,mg/L,FALSE,FALSE,-0.25593355044556576,FALSE
CHL0934,ST065,2002-06-25,2,NA,1000,10.6,0.002,0.022,0.007,0.005,2.36,2.43,Composite Tube/Tube composite,mg/L,FALSE,FALSE,-0.25705900995810493,FALSE
CHL0935,ST065,2002-06-25,3,NA,1000,10.6,0.004,0.022,0.009,0.007,2.11,2.18,Composite Tube/Tube composite,mg/L,FALSE,FALSE,-0.2395825835808263,FALSE
CHL0936,ST079,2002-06-26,2,NA,935,10,0.002,0.032,0.011,0.008,3.53,3.66,Composite Tube/Tube composite,mg/L,FALSE,FALSE,-0.27884868540376884,TRUE
CHL0937,ST079,2002-06-26,3,NA,895,11.8,0.002,0.026000000000000002,0.009,0.006,3.49,3.61,Composite Tube/Tube composite,mg/L,FALSE,FALSE,-0.28605245718340466,TRUE
CHL0938,ST079,2002-07-22,1,2,500,13.1,0.002,0.012,0.003,0.003,3,3.07,Composite Tube/Tube composite,mg/L,FALSE,FALSE,-0.3017986614839385,TRUE
CHL0939,ST079,2002-07-22,1,1,500,11.1,0.002,0.012,0.004,0.003,2.49,2.56,Composite Tube/Tube composite,mg/L,FALSE,FALSE,-0.2661467516742899,FALSE
CHL0940,ST079,2002-07-22,2,2,500,9.8,0.002,0.012,0.003,0.002,2.24,2.29,Composite Tube/Tube composite,mg/L,FALSE,FALSE,-0.2686703252970113,FALSE
CHL0941,ST079,2002-07-22,2,1,500,11.2,0.001,0.009,0.003,0.001,1.99,2.05,Composite Tube/Tube composite,mg/L,FALSE,FALSE,-0.24119389891973286,FALSE
CHL0942,ST079,2002-07-22,3,2,500,10.6,0.001,0.012,0.003,0.001,2.62,2.7,Composite Tube/Tube composite,mg/L,FALSE,FALSE,-0.26523449339047467,FALSE
CHL0943,ST079,2002-07-22,3,1,500,9,0.003,0.015,0.005,0.003,2.44,2.5,Composite Tube/Tube composite,mg/L,FALSE,FALSE,-0.272651466398834,FALSE
CHL0944,ST068,2002-07-22,1,2,500,10.6,0.003,0.011,0.004,0.004,1.93,1.98,Composite Tube/Tube composite,mg/L,FALSE,FALSE,-0.2469995565891856,FALSE
CHL0945,ST068,2002-07-22,1,1,500,12,0.001,0.007,0.003,0.002,1.57,1.63,Composite Tube/Tube composite,mg/L,FALSE,FALSE,-0.2118335026059046,FALSE
CHL0946,ST068,2002-07-22,2,1,500,11.8,0.001,0.007,0.003,0.002,1.55,1.61,Composite Tube/Tube composite,mg/L,FALSE,FALSE,-0.2104353884957222,FALSE
CHL0947,ST068,2002-07-22,2,2,500,10.3,0.002,0.009,0.003,0.003,1.64,1.68,Composite Tube/Tube composite,mg/L,FALSE,FALSE,-0.23672690199154256,FALSE
CHL0948,ST068,2002-07-22,3,2,500,13.5,0.001,0.007,0.003,0.002,1.77,1.84,Composite Tube/Tube composite,mg/L,FALSE,FALSE,-0.2158146437077273,FALSE
CHL0949,ST068,2002-07-22,3,1,500,10.8,0.002,0.009,0.003,0.002,1.71,1.76,Composite Tube/Tube composite,mg/L,FALSE,FALSE,-0.23162030137718048,FALSE
CHL0950,ST091,2002-07-22,1,NA,1000,13.4,0.001,0.013000000000000001,0.004,0.004,1.79,1.85,Composite Tube/Tube composite,mg/L,FALSE,FALSE,-0.22721275781790995,FALSE
CHL0951,ST091,2002-07-22,2,NA,1000,12,0.002,0.012,0.006,0.005,1.3,1.35,Composite Tube/Tube composite,mg/L,FALSE,FALSE,-0.20295896211844355,FALSE
CHL0952,ST091,2002-07-22,3,NA,1000,11.5,0.005,0.016,0.01,0.009,1.35,1.41,Composite Tube/Tube composite,mg/L,FALSE,FALSE,-0.1964542473938995,FALSE
CHL0953,ST095,2002-07-22,1,1,500,12.4,0.001,0.028999999999999998,0.009,0.007,7.67,7.94,Composite Tube/Tube composite,mg/L,FALSE,FALSE,-0.42825830621150285,TRUE
CHL0954,ST095,2002-07-22,1,2,500,11,0.002,0.025,0.008,0.007,5.62,5.8,Composite Tube/Tube composite,mg/L,FALSE,FALSE,-0.3749516099178196,TRUE
CHL0955,ST095,2002-07-22,2,1,500,11.7,0.002,0.065,0.02,0.016,16.28,16.85,Composite Tube/Tube composite,mg/L,TRUE,TRUE,-0.7301464306449823,TRUE
CHL0956,ST095,2002-07-22,2,2,500,11.1,0.002,0.034999999999999996,0.011,0.009,8.11,8.39,Composite Tube/Tube composite,mg/L,FALSE,FALSE,-0.4490168166355115,TRUE
CHL0957,ST095,2002-07-22,3,2,500,11.1,0.002,0.014,0.004,0.004,3.01,3.09,Composite Tube/Tube composite,mg/L,FALSE,FALSE,-0.2924977185390296,TRUE
CHL0958,ST095,2002-07-22,3,1,500,13.2,0.001,0.009,0.003,0.001,2.34,2.42,Composite Tube/Tube composite,mg/L,FALSE,FALSE,-0.2456608958479225,FALSE
CHL0959,ST065,2002-07-22,1,2,500,13,0.003,0.01,0.005,0.004,2.01,2.08,Composite Tube/Tube composite,mg/L,FALSE,FALSE,-0.23259201302991483,FALSE
CHL0960,ST065,2002-07-22,1,1,500,11.8,0.004,0.01,0.006,0.004,1.55,1.61,Composite Tube/Tube composite,mg/L,FALSE,FALSE,-0.2104353884957222,FALSE
CHL0961,ST065,2002-07-22,2,1,500,11.1,0.002,0.008,0.003,0.002,1.5,1.54,Composite Tube/Tube composite,mg/L,FALSE,FALSE,-0.22694010322026648,FALSE
CHL0962,ST065,2002-07-22,2,2,500,12.6,0.002,0.007,0.003,0.001,1.41,1.45,Composite Tube/Tube composite,mg/L,FALSE,FALSE,-0.22064858972444612,FALSE
CHL0963,ST065,2002-07-22,3,1,500,12.5,0.001,0.008,0.004,0.003,1.88,1.96,Composite Tube/Tube composite,mg/L,FALSE,FALSE,-0.21350427131373007,FALSE
CHL0964,ST065,2002-07-22,3,2,500,12.7,0.001,0.006,0.002,0.002,1.43,1.47,Composite Tube/Tube composite,mg/L,FALSE,FALSE,-0.22204670383462854,FALSE
CHL0965,ST079,2002-08-21,1,NA,1000,10.3,0.002,0.043000000000000003,0.012,0.011,4.7,4.85,Composite Tube/Tube composite,mg/L,FALSE,FALSE,-0.3406383608494341,TRUE
CHL0966,ST079,2002-08-21,2,NA,1000,13.9,0.002,0.034999999999999996,0.01,0.009,5.11,5.27,Composite Tube/Tube composite,mg/L,FALSE,FALSE,-0.35929970010817147,TRUE
CHL0967,ST079,2002-08-21,3,NA,1000,10.8,0.002,0.041,0.012,0.011,4.68,4.83,Composite Tube/Tube composite,mg/L,FALSE,FALSE,-0.3392402467392506,TRUE
CHL0968,ST068,2002-08-21,1,NA,1000,11.4,0.007,0.02,0.009,0.008,1.68,1.72,Composite Tube/Tube composite,mg/L,FALSE,FALSE,-0.2395231302119072,FALSE
CHL0969,ST068,2002-08-21,2,NA,1000,10.8,0.003,0.016,0.006,0.005,1.57,1.62,Composite Tube/Tube composite,mg/L,FALSE,FALSE,-0.2218335026059044,FALSE
CHL0970,ST068,2002-08-21,3,NA,1000,11.3,0.003,0.015,0.006,0.006,1.51,1.56,Composite Tube/Tube composite,mg/L,FALSE,FALSE,-0.21763916027535757,FALSE
CHL0971,ST091,2002-08-21,1,NA,1000,10.4,0.003,0.012,0.005,0.004,1.05,1.08,Composite Tube/Tube composite,mg/L,FALSE,FALSE,-0.20548253574116493,FALSE
CHL0972,ST091,2002-08-21,2,NA,1000,11.1,0.003,0.013000000000000001,0.004,0.004,1.27,1.3,Composite Tube/Tube composite,mg/L,FALSE,FALSE,-0.22086179095317005,FALSE
CHL0973,ST091,2002-08-21,3,NA,1000,11,0.002,0.014,0.004,0.004,1.49,1.53,Composite Tube/Tube composite,mg/L,FALSE,FALSE,-0.22624104616517537,FALSE
CHL0974,ST095,2002-08-21,1,2,500,10.5,0.007,0.03,0.014,0.012,5.32,5.51,Composite Tube/Tube composite,mg/L,FALSE,FALSE,-0.34397989826508546,TRUE
CHL0975,ST095,2002-08-21,1,1,500,10.5,0.011,0.031,0.017,0.017,4.63,4.79,Composite Tube/Tube composite,mg/L,FALSE,FALSE,-0.32574496146379506,TRUE
CHL0976,ST095,2002-08-21,2,2,500,11.9,0.011,0.032,0.017,0.015,5.52,5.71,Composite Tube/Tube composite,mg/L,FALSE,FALSE,-0.3579610393669075,TRUE
CHL0977,ST095,2002-08-21,2,1,500,10.3,0.033,0.063,0.038,0.035,6.98,7.17,Composite Tube/Tube composite,mg/L,FALSE,FALSE,-0.46002336941021493,TRUE
CHL0978,ST095,2002-08-21,3,1,500,11.2,0.005,0.025,0.01,0.009,4.98,5.14,Composite Tube/Tube composite,mg/L,FALSE,FALSE,-0.35021195839198604,TRUE
CHL0979,ST065,2002-08-21,1,NA,1000,9.4,0.004,0.028,0.01,0.009,2.51,2.59,Composite Tube/Tube composite,mg/L,FALSE,FALSE,-0.25754486578447233,FALSE
CHL0980,ST065,2002-08-21,2,NA,1000,11.7,0.001,0.02,0.006,0.005,2.47,2.55,Composite Tube/Tube composite,mg/L,FALSE,FALSE,-0.2547486375641079,FALSE
CHL0981,ST065,2002-08-21,3,NA,1000,11.2,0.002,0.021,0.007,0.006,2.36,2.44,Composite Tube/Tube composite,mg/L,FALSE,FALSE,-0.24705900995810515,FALSE
CHL0982,ST079,2002-09-17,1,NA,1000,11,0.003,0.04,0.012,0.011,4.53,4.68,Composite Tube/Tube composite,mg/L,FALSE,FALSE,-0.3287543909128843,TRUE
CHL0983,ST079,2002-09-17,2,NA,1000,11,0.004,0.039,0.013,0.012,4.28,4.42,Composite Tube/Tube composite,mg/L,FALSE,FALSE,-0.3212779645356054,TRUE
CHL0984,ST079,2002-09-17,3,NA,1000,11.5,0.006,0.04,0.015,0.014,4.34,4.48,Composite Tube/Tube composite,mg/L,FALSE,FALSE,-0.3254723068661516,TRUE
CHL0985,ST068,2002-09-17,1,NA,1000,11.8,0.003,0.015,0.006,0.005,1.57,1.63,Composite Tube/Tube composite,mg/L,FALSE,FALSE,-0.2118335026059046,FALSE
CHL0986,ST068,2002-09-17,2,NA,1000,12,0.003,0.013000000000000001,0.006,0.005,1.32,1.37,Composite Tube/Tube composite,mg/L,FALSE,FALSE,-0.20435707622862576,FALSE
CHL0987,ST068,2002-09-17,3,NA,1000,11.6,0.004,0.015,0.007,0.007,1.41,1.46,Composite Tube/Tube composite,mg/L,FALSE,FALSE,-0.2106485897244461,FALSE
CHL0988,ST091,2002-09-17,1,NA,1000,10.3,0.001,0.01,0.004,0.003,1.01,1.05,Composite Tube/Tube composite,mg/L,FALSE,FALSE,-0.1926863075208003,FALSE
CHL0989,ST091,2002-09-17,2,NA,1000,11.8,0.003,0.012,0.005,0.005,1.19,1.22,Composite Tube/Tube composite,mg/L,FALSE,FALSE,-0.215269334512441,FALSE
CHL0990,ST091,2002-09-17,3,NA,1000,13.1,0.002,0.008,0.003,0.004,0.89,0.91,Composite Tube/Tube composite,mg/L,FALSE,FALSE,-0.20429762285970676,FALSE
CHL0991,ST095,2002-09-17,1,NA,1000,12.3,0.002,0.037,0.011,0.01,4.78,4.94,Composite Tube/Tube composite,mg/L,FALSE,FALSE,-0.33623081729016224,TRUE
CHL0992,ST095,2002-09-17,3,1,500,12,0.003,0.022,0.008,0.008,5.06,5.23,Composite Tube/Tube composite,mg/L,FALSE,FALSE,-0.3458044148327142,TRUE
CHL0993,ST095,2002-09-17,3,2,500,13.2,0.001,0.018000000000000002,0.005,0.005,5.01,5.16,Composite Tube/Tube composite,mg/L,FALSE,FALSE,-0.3623091295572589,TRUE
CHL0994,ST065,2002-09-17,1,NA,1000,10.6,0.002,0.016,0.006,0.006,1.64,1.7,Composite Tube/Tube composite,mg/L,FALSE,FALSE,-0.21672690199154254,FALSE
CHL0995,ST065,2002-09-17,2,NA,1000,8.8,0.002,0.017,0.006,0.006,1.46,1.51,Composite Tube/Tube composite,mg/L,FALSE,FALSE,-0.21414387499990184,FALSE
CHL0996,ST065,2002-09-17,3,NA,1000,11.1,0.002,0.015,0.005,0.004,1.61,1.66,Composite Tube/Tube composite,mg/L,FALSE,FALSE,-0.22462973082626925,FALSE
CHL0997,ST068,2002-10-15,1,NA,1000,12,0.002,0.007,0.004,0.002,0.65,0.67,Composite Tube/Tube composite,mg/L,FALSE,FALSE,-0.1875202535375191,FALSE
CHL0998,ST068,2002-10-15,2,NA,1000,12.3,0.004,0.011,0.007,0.006,0.92,0.97,Composite Tube/Tube composite,mg/L,FALSE,FALSE,-0.17639479402498015,FALSE
CHL0999,ST068,2002-10-15,3,NA,725,14.9,0.001,0.004,0.002,0.002,0.68,0.7,Composite Tube/Tube composite,mg/L,FALSE,FALSE,-0.18961742470279264,FALSE
CHL1000,ST091,2002-10-15,1,NA,1000,11.7,0.001,0.008,0.004,0.003,0.88,0.92,Composite Tube/Tube composite,mg/L,FALSE,FALSE,-0.18359856580461542,FALSE
CHL1001,ST091,2002-10-15,2,NA,1000,12.7,0.002,0.009,0.005,0.004,0.96,1,Composite Tube/Tube composite,mg/L,FALSE,FALSE,-0.18919102224534456,FALSE
CHL1002,ST091,2002-10-15,3,NA,1000,13.3,0.004,0.01,0.004,0.003,0.93,0.94,Composite Tube/Tube composite,mg/L,FALSE,FALSE,-0.2170938510800713,FALSE
CHL1003,ST095,2002-10-15,1,NA,960,12.4,0.003,0.022,0.008,0.006,2.72,2.81,Composite Tube/Tube composite,mg/L,FALSE,FALSE,-0.26222506394138634,FALSE
CHL1004,ST095,2002-10-15,2,NA,935,11.4,0.002,0.023,0.008,0.007,2.83,2.93,Composite Tube/Tube composite,mg/L,FALSE,FALSE,-0.2599146915473889,FALSE
CHL1005,ST095,2002-10-15,3,NA,960,13,0.005,0.026000000000000002,0.012,0.011,3.11,3.23,Composite Tube/Tube composite,mg/L,FALSE,FALSE,-0.25948828908994104,FALSE
CHL1006,ST065,2002-10-15,1,NA,1000,12,0.003,0.026000000000000002,0.01,0.008,3.04,3.15,Composite Tube/Tube composite,mg/L,FALSE,FALSE,-0.2645948897043029,FALSE
CHL1007,ST065,2002-10-15,2,NA,1000,12.7,0.002,0.022,0.008,0.007,2.8,2.9,Composite Tube/Tube composite,mg/L,FALSE,FALSE,-0.25781752038211536,FALSE
CHL1008,ST065,2002-10-15,3,NA,1000,10.3,0.001,0.027,0.01,0.009,2.93,3.04,Composite Tube/Tube composite,mg/L,FALSE,FALSE,-0.25690526209830056,FALSE
CHL1009,ST079,2002-10-16,1,NA,1000,11.8,0.001,0.037,0.01,0.009,4.72,4.88,Composite Tube/Tube composite,mg/L,FALSE,FALSE,-0.3320364749596161,TRUE
CHL1010,ST079,2002-10-16,2,NA,1000,12.6,0.002,0.034,0.011,0.009,4.46,4.61,Composite Tube/Tube composite,mg/L,FALSE,FALSE,-0.3238609915272459,TRUE
CHL1011,ST079,2002-10-16,3,NA,1000,10.4,0.002,0.042,0.013,0.01,4.6,4.76,Composite Tube/Tube composite,mg/L,FALSE,FALSE,-0.323647790298522,TRUE
CHL1012,ST068,2003-05-08,1,NA,1000,12.3,0.001,0.013000000000000001,0.006,0.004,1.59,1.66,Hand Draw/Prélèvement manuel,mg/L,FALSE,FALSE,-0.20323161671608703,FALSE
CHL1013,ST068,2003-05-08,2,2,500,11.9,0.002,0.009,0.004,0.003,1.84,1.9,Hand Draw/Prélèvement manuel,mg/L,FALSE,FALSE,-0.23070804309336568,FALSE
CHL1014,ST068,2003-05-08,2,1,500,11,0.002,0.008,0.004,0.003,1.44,1.5,Hand Draw/Prélèvement manuel,mg/L,FALSE,FALSE,-0.20274576088971963,FALSE
CHL1015,ST068,2003-05-08,3,1,500,9.4,0.001,0.01,0.003,0.002,1.89,1.95,Hand Draw/Prélèvement manuel,mg/L,FALSE,FALSE,-0.23420332836882118,FALSE
CHL1016,ST068,2003-05-08,3,2,500,11,0.001,0.007,0.002,0.001,1.49,1.53,Hand Draw/Prélèvement manuel,mg/L,FALSE,FALSE,-0.22624104616517537,FALSE
CHL1017,ST091,2003-05-08,1,NA,1000,11.7,0,0.011,0.003,0.003,1.43,1.47,Hand Draw/Prélèvement manuel,mg/L,FALSE,FALSE,-0.22204670383462854,FALSE
CHL1018,ST091,2003-05-08,2,NA,1000,11.6,0,0.011,0.003,0.002,1.41,1.46,Hand Draw/Prélèvement manuel,mg/L,FALSE,FALSE,-0.2106485897244461,FALSE
CHL1019,ST091,2003-05-08,3,NA,1000,12.3,0.001,0.011,0.004,0.003,1.35,1.4,Hand Draw/Prélèvement manuel,mg/L,FALSE,FALSE,-0.2064542473938995,FALSE
CHL1020,ST079,2003-05-09,1,NA,1000,11.1,0.002,0.028,0.008,0.008,3.22,3.32,Hand Draw/Prélèvement manuel,mg/L,FALSE,FALSE,-0.28717791669594384,TRUE
CHL1021,ST079,2003-05-09,2,NA,1000,9.7,0.002,0.03,0.008,0.008,3.04,3.13,Hand Draw/Prélèvement manuel,mg/L,FALSE,FALSE,-0.2845948897043029,TRUE
CHL1022,ST079,2003-05-09,3,NA,1000,11,0.001,0.03,0.008,0.007,3.55,3.67,Hand Draw/Prélèvement manuel,mg/L,FALSE,FALSE,-0.29024679951395127,TRUE
CHL1023,ST095,2003-05-09,1,NA,1000,10.2,0.001,0.009,0.002,0.002,0.93,0.95,Hand Draw/Prélèvement manuel,mg/L,FALSE,FALSE,-0.20709385108007128,FALSE
CHL1024,ST095,2003-05-09,2,NA,995,10.5,0.003,0.011,0.004,0.004,0.96,0.98,Hand Draw/Prélèvement manuel,mg/L,FALSE,FALSE,-0.20919102224534458,FALSE
CHL1025,ST095,2003-05-09,3,NA,1000,11.7,0.001,0.008,0.002,0.002,0.93,0.95,Hand Draw/Prélèvement manuel,mg/L,FALSE,FALSE,-0.20709385108007128,FALSE
CHL1026,ST065,2003-05-09,1,NA,1000,9.7,0.003,0.018000000000000002,0.006,0.006,1.63,1.68,Hand Draw/Prélèvement manuel,mg/L,FALSE,FALSE,-0.22602784493645145,FALSE
CHL1027,ST065,2003-05-09,2,NA,1000,10.7,0.001,0.017,0.004,0.003,1.93,1.98,Hand Draw/Prélèvement manuel,mg/L,FALSE,FALSE,-0.2469995565891856,FALSE
CHL1028,ST065,2003-05-09,3,NA,1000,12.2,0.005,0.016,0.007,0.006,1.51,1.55,Hand Draw/Prélèvement manuel,mg/L,FALSE,FALSE,-0.22763916027535758,FALSE
CHL1029,ST068,2003-06-09,1,NA,1000,12.6,0.003,0.013000000000000001,0.005,0.005,1.41,1.46,Hand Draw/Prélèvement manuel,mg/L,FALSE,FALSE,-0.2106485897244461,FALSE
CHL1030,ST068,2003-06-09,2,NA,1000,12.5,0.003,0.014,0.006,0.006,1.52,1.57,Hand Draw/Prélèvement manuel,mg/L,FALSE,FALSE,-0.21833821733044867,FALSE
CHL1031,ST068,2003-06-09,3,NA,1000,11.8,0.005,0.014,0.006,0.005,1.21,1.24,Hand Draw/Prélèvement manuel,mg/L,FALSE,FALSE,-0.21666744862262322,FALSE
CHL1032,ST091,2003-06-09,1,NA,1000,11.7,0.001,0.009,0.004,0.004,1.02,1.06,Hand Draw/Prélèvement manuel,mg/L,FALSE,FALSE,-0.1933853645758914,FALSE
CHL1033,ST091,2003-06-09,2,NA,1000,11.9,0.002,0.01,0.004,0.004,1.06,1.09,Hand Draw/Prélèvement manuel,mg/L,FALSE,FALSE,-0.20618159279625603,FALSE
CHL1034,ST091,2003-06-09,3,NA,1000,12.6,0.002,0.01,0.004,0.004,1.12,1.16,Hand Draw/Prélèvement manuel,mg/L,FALSE,FALSE,-0.20037593512680307,FALSE
CHL1035,ST095,2003-06-09,1,NA,1000,12.5,0.004,0.12000000000000001,0.035,0.027,16.07,16.61,Hand Draw/Prélèvement manuel,mg/L,TRUE,TRUE,-0.7454662324880665,TRUE
CHL1036,ST095,2003-06-09,2,NA,500,13.6,0.007,0.025,0.011,0.011,5.47,5.64,Hand Draw/Prélèvement manuel,mg/L,FALSE,FALSE,-0.3744657540914522,TRUE
CHL1037,ST095,2003-06-09,3,NA,1000,11.8,0.001,0.07700000000000001,0.022,0.017,9.92,10.26,Hand Draw/Prélèvement manuel,mg/L,TRUE,TRUE,-0.5155461436070112,TRUE
CHL1038,ST065,2003-06-09,1,NA,1000,13.2,0.001,0.011,0.003,0.003,1.48,1.53,Hand Draw/Prélèvement manuel,mg/L,FALSE,FALSE,-0.21554198911008426,FALSE
CHL1039,ST065,2003-06-09,2,NA,1000,12.1,0.002,0.014,0.005,0.005,1.62,1.67,Hand Draw/Prélèvement manuel,mg/L,FALSE,FALSE,-0.22532878788136035,FALSE
CHL1040,ST065,2003-06-09,3,NA,1000,11.3,0.004,0.013000000000000001,0.006,0.006,1.14,1.17,Hand Draw/Prélèvement manuel,mg/L,FALSE,FALSE,-0.21177404923698528,FALSE
CHL1041,ST079,2003-06-10,1,NA,975,10.8,0.001,0.024,0.007,0.006,2.83,2.92,Hand Draw/Prélèvement manuel,mg/L,FALSE,FALSE,-0.2699146915473891,FALSE
CHL1042,ST079,2003-06-10,2,NA,960,11,0.008,0.027,0.013,0.013,2.42,2.5,Hand Draw/Prélèvement manuel,mg/L,FALSE,FALSE,-0.25125335228865175,FALSE
CHL1043,ST079,2003-06-10,3,NA,960,12.4,0.001,0.017,0.005,0.005,2.3,2.37,Hand Draw/Prélèvement manuel,mg/L,FALSE,FALSE,-0.2528646676275579,FALSE
CHL1044,ST068,2003-07-07,1,NA,1000,13.5,0.002,0.012,0.004,0.003,1.51,1.56,Hand Draw/Prélèvement manuel,mg/L,FALSE,FALSE,-0.21763916027535757,FALSE
CHL1045,ST068,2003-07-07,2,NA,1000,11.4,0.002,0.013000000000000001,0.004,0.004,1.41,1.45,Hand Draw/Prélèvement manuel,mg/L,FALSE,FALSE,-0.22064858972444612,FALSE
CHL1046,ST068,2003-07-07,3,NA,1000,13.5,0.003,0.012,0.006,0.006,1.33,1.38,Hand Draw/Prélèvement manuel,mg/L,FALSE,FALSE,-0.2050561332837173,FALSE
CHL1047,ST091,2003-07-07,1,NA,1000,11.3,0.001,0.011,0.003,0.002,1.27,1.31,Hand Draw/Prélèvement manuel,mg/L,FALSE,FALSE,-0.21086179095317004,FALSE
CHL1048,ST091,2003-07-07,2,NA,1000,11.8,0.002,0.011,0.004,0.003,1.19,1.22,Hand Draw/Prélèvement manuel,mg/L,FALSE,FALSE,-0.215269334512441,FALSE
CHL1049,ST091,2003-07-07,3,NA,1000,11.8,0.001,0.014,0.004,0.004,1.71,1.77,Hand Draw/Prélèvement manuel,mg/L,FALSE,FALSE,-0.22162030137718047,FALSE
CHL1050,ST095,2003-07-07,1,NA,1000,13.5,0.004,0.275,0.085,0.062,40.3,41.73,Hand Draw/Prélèvement manuel,mg/L,TRUE,TRUE,-1.5492814769739098,TRUE
CHL1051,ST095,2003-07-07,2,NA,1000,13.7,0,0.025,0.007,0.006,3.79,3.92,Hand Draw/Prélèvement manuel,mg/L,FALSE,FALSE,-0.29702416883613925,TRUE
CHL1052,ST095,2003-07-07,3,NA,1000,13.5,0.001,0.034999999999999996,0.011,0.01,5.06,5.24,Hand Draw/Prélèvement manuel,mg/L,FALSE,FALSE,-0.3358044148327144,TRUE
CHL1053,ST065,2003-07-07,1,NA,1000,10.9,0,0.026000000000000002,0.01,0.007,3.07,3.2,Hand Draw/Prélèvement manuel,mg/L,FALSE,FALSE,-0.24669206086957596,FALSE
CHL1054,ST065,2003-07-07,2,NA,1000,11.8,0,0.013000000000000001,0.004,0.003,1.69,1.75,Hand Draw/Prélèvement manuel,mg/L,FALSE,FALSE,-0.22022218726699827,FALSE
CHL1055,ST065,2003-07-07,3,1,500,12.7,0.002,0.008,0.003,0.004,1.72,1.77,Hand Draw/Prélèvement manuel,mg/L,FALSE,FALSE,-0.2323193584322718,FALSE
CHL1056,ST065,2003-07-07,3,2,500,12.5,0.003,0.009,0.004,0.005,1.7,1.74,Hand Draw/Prélèvement manuel,mg/L,FALSE,FALSE,-0.2409212443220894,FALSE
CHL1057,ST079,2003-07-14,1,NA,1000,10.3,0.001,0.022,0.007,0.006,2.39,2.47,Hand Draw/Prélèvement manuel,mg/L,FALSE,FALSE,-0.24915618112337823,FALSE
CHL1058,ST079,2003-07-14,2,NA,1000,11.6,0.001,0.019,0.007,0.006,2.29,2.37,Hand Draw/Prélèvement manuel,mg/L,FALSE,FALSE,-0.24216561057246677,FALSE
CHL1059,ST079,2003-07-14,3,NA,1000,13.2,0.001,0.02,0.007,0.005,2.75,2.85,Hand Draw/Prélèvement manuel,mg/L,FALSE,FALSE,-0.25432223510665963,FALSE
CHL1060,ST068,2003-08-05,1,NA,1000,12.7,0.001,0.017,0.006,0.005,2.23,2.31,,mg/L,FALSE,FALSE,-0.23797126824192016,FALSE
CHL1061,ST068,2003-08-05,2,NA,1000,11.5,0.001,0.019,0.006,0.004,2.29,2.37,,mg/L,FALSE,FALSE,-0.24216561057246677,FALSE
CHL1062,ST068,2003-08-05,3,NA,1000,10.9,0.002,0.022,0.008,0.005,2.4,2.49,,mg/L,FALSE,FALSE,-0.23985523817846932,FALSE
CHL1063,ST091,2003-08-05,1,NA,1000,12.2,0.003,0.014,0.006,0.005,1.49,1.54,Hand Draw/Prélèvement manuel,mg/L,FALSE,FALSE,-0.21624104616517537,FALSE
CHL1064,ST091,2003-08-05,2,NA,1000,12.5,0.001,0.012,0.003,0.002,1.55,1.59,Hand Draw/Prélèvement manuel,mg/L,FALSE,FALSE,-0.2304353884957222,FALSE
CHL1065,ST091,2003-08-05,3,NA,1000,11.8,0.001,0.013000000000000001,0.004,0.003,1.57,1.63,Hand Draw/Prélèvement manuel,mg/L,FALSE,FALSE,-0.2118335026059046,FALSE
CHL1066,ST095,2003-08-05,1,1,500,11.2,0.001,0.017,0.006,0.005,3.94,4.08,Hand Draw/Prélèvement manuel,mg/L,FALSE,FALSE,-0.29751002466250664,TRUE
CHL1067,ST095,2003-08-05,1,2,500,11.5,0.001,0.018000000000000002,0.006,0.005,4.31,4.46,Hand Draw/Prélèvement manuel,mg/L,FALSE,FALSE,-0.3133751357008787,TRUE
CHL1068,ST095,2003-08-05,2,2,500,12.1,0.002,0.015,0.005,0.003,3.51,3.62,Hand Draw/Prélèvement manuel,mg/L,FALSE,FALSE,-0.29745057129358665,TRUE
CHL1069,ST095,2003-08-05,2,1,500,12.2,0.003,0.017,0.007,0.006,3.77,3.9,Hand Draw/Prélèvement manuel,mg/L,FALSE,FALSE,-0.29562605472595704,TRUE
CHL1070,ST095,2003-08-05,3,2,500,10.9,0.001,0.016,0.005,0.004,3.62,3.75,Hand Draw/Prélèvement manuel,mg/L,FALSE,FALSE,-0.2851401988995894,TRUE
CHL1071,ST095,2003-08-05,3,1,500,13,0.002,0.016,0.004,0.003,4.13,4.24,Hand Draw/Prélèvement manuel,mg/L,FALSE,FALSE,-0.3407921087092376,TRUE
CHL1072,ST065,2003-08-05,1,NA,1000,11.6,0.001,0.016,0.004,0.004,1.95,2.01,Hand Draw/Prélèvement manuel,mg/L,FALSE,FALSE,-0.23839767069936801,FALSE
CHL1073,ST065,2003-08-05,2,2,500,14.3,0.001,0.007,0.002,0.002,1.94,1.99,Hand Draw/Prélèvement manuel,mg/L,FALSE,FALSE,-0.2476986136442767,FALSE
CHL1074,ST065,2003-08-05,2,1,500,12.6,0.001,0.007,0.002,0.001,1.71,1.75,Hand Draw/Prélèvement manuel,mg/L,FALSE,FALSE,-0.2416203013771805,FALSE
CHL1075,ST065,2003-08-05,3,NA,1000,12,0.002,0.018000000000000002,0.006,0.005,2.13,2.2,Hand Draw/Prélèvement manuel,mg/L,FALSE,FALSE,-0.2409806976910085,FALSE
CHL1076,ST079,2003-08-07,1,NA,1000,12,0.002,0.027,0.007,0.006,3.37,3.47,Hand Draw/Prélèvement manuel,mg/L,FALSE,FALSE,-0.2976637725223106,TRUE
CHL1077,ST079,2003-08-07,2,NA,1000,13.7,0.002,0.022,0.008,0.006,3.02,3.12,Hand Draw/Prélèvement manuel,mg/L,FALSE,FALSE,-0.2731967755941205,FALSE
CHL1078,ST079,2003-08-07,3,NA,1000,11.4,0.002,0.028,0.008,0.007,3.31,3.41,Hand Draw/Prélèvement manuel,mg/L,FALSE,FALSE,-0.29346943019176397,TRUE
CHL1079,ST068,2003-09-02,1,NA,1000,11.2,0.001,0.016,0.006,0.006,1.84,1.91,Hand Draw/Prélèvement manuel,mg/L,FALSE,FALSE,-0.22070804309336567,FALSE
CHL1080,ST068,2003-09-02,2,NA,995,10.4,0,0.019,0.007,0.005,2.16,2.24,Hand Draw/Prélèvement manuel,mg/L,FALSE,FALSE,-0.23307786885628223,FALSE
CHL1081,ST068,2003-09-02,3,NA,1000,11.8,0,0.021,0.01,0.008,2.64,2.76,Hand Draw/Prélèvement manuel,mg/L,FALSE,FALSE,-0.22663260750065728,FALSE
CHL1082,ST091,2003-09-02,1,NA,1000,11.2,0.003,0.015,0.007,0.006,1.47,1.53,Hand Draw/Prélèvement manuel,mg/L,FALSE,FALSE,-0.20484293205499293,FALSE
CHL1083,ST091,2003-09-02,2,NA,1000,11.3,0.001,0.011,0.004,0.004,1.25,1.29,Hand Draw/Prélèvement manuel,mg/L,FALSE,FALSE,-0.20946367684298783,FALSE
CHL1084,ST091,2003-09-02,3,NA,1000,9.8,0,0.017,0.005,0.004,1.84,1.9,Hand Draw/Prélèvement manuel,mg/L,FALSE,FALSE,-0.23070804309336568,FALSE
CHL1085,ST095,2003-09-02,1,1,500,11.9,0,0.026000000000000002,0.009,0.007,6.76,7.02,Hand Draw/Prélèvement manuel,mg/L,FALSE,FALSE,-0.37464411419821,TRUE
CHL1086,ST095,2003-09-02,1,2,500,12,0.001,0.022,0.007,0.007,5.57,5.76,Hand Draw/Prélèvement manuel,mg/L,FALSE,FALSE,-0.3614563246423641,TRUE
CHL1087,ST095,2003-09-02,2,2,500,11.2,0,0.023,0.005,0.004,5.76,5.94,Hand Draw/Prélèvement manuel,mg/L,FALSE,FALSE,-0.3847384086890946,TRUE
CHL1088,ST095,2003-09-02,2,1,500,10.6,0.001,0.022,0.007,0.007,4.92,5.09,Hand Draw/Prélèvement manuel,mg/L,FALSE,FALSE,-0.3360176160614392,TRUE
CHL1089,ST095,2003-09-02,3,2,500,10.3,0.001,0.022,0.007,0.007,4.78,4.95,Hand Draw/Prélèvement manuel,mg/L,FALSE,FALSE,-0.32623081729016246,TRUE
CHL1090,ST095,2003-09-02,3,1,500,12.4,0.001,0.015,0.005,0.005,3.84,3.97,Hand Draw/Prélèvement manuel,mg/L,FALSE,FALSE,-0.30051945411159453,TRUE
CHL1091,ST065,2003-09-02,1,2,500,10.3,0.006,0.018000000000000002,0.009,0.009,2.75,2.84,Hand Draw/Prélèvement manuel,mg/L,FALSE,FALSE,-0.26432223510665986,FALSE
CHL1092,ST065,2003-09-02,1,1,500,10.3,0.002,0.011,0.005,0.005,2.03,2.11,Hand Draw/Prélèvement manuel,mg/L,FALSE,FALSE,-0.22399012714009725,FALSE
CHL1093,ST065,2003-09-02,2,2,500,13.2,0,0.01,0.004,0.003,2.85,2.97,Hand Draw/Prélèvement manuel,mg/L,FALSE,FALSE,-0.24131280565757107,FALSE
CHL1094,ST065,2003-09-02,2,1,500,15.1,0,0.011,0.004,0.002,3.61,3.76,Hand Draw/Prélèvement manuel,mg/L,FALSE,FALSE,-0.2644411418444985,FALSE
CHL1095,ST065,2003-09-02,3,2,479,11.4,0,0.011,0.004,0.003,2.85,2.96,Hand Draw/Prélèvement manuel,mg/L,FALSE,FALSE,-0.2513128056575713,FALSE
CHL1096,ST065,2003-09-02,3,1,500,12.7,0,0.01,0.004,0.003,2.74,2.86,Hand Draw/Prélèvement manuel,mg/L,FALSE,FALSE,-0.23362317805156874,FALSE
CHL1097,ST079,2003-09-04,1,1,500,12,0.001,0.017,0.006,0.005,4.22,4.37,Hand Draw/Prélèvement manuel,mg/L,FALSE,FALSE,-0.3070836222050586,TRUE
CHL1098,ST079,2003-09-04,1,2,500,11,0.004,0.02,0.008,0.007,3.91,4.04,Hand Draw/Prélèvement manuel,mg/L,FALSE,FALSE,-0.30541285349723335,TRUE
CHL1099,ST079,2003-09-04,2,2,500,11.3,0.001,0.016,0.005,0.004,3.76,3.88,Hand Draw/Prélèvement manuel,mg/L,FALSE,FALSE,-0.30492699767086595,TRUE
CHL1100,ST079,2003-09-04,2,1,500,11.5,0.001,0.018000000000000002,0.006,0.005,4.31,4.46,Hand Draw/Prélèvement manuel,mg/L,FALSE,FALSE,-0.3133751357008787,TRUE
CHL1101,ST079,2003-09-04,3,2,500,10.7,0.003,0.017,0.007,0.007,3.31,3.43,Hand Draw/Prélèvement manuel,mg/L,FALSE,FALSE,-0.27346943019176395,FALSE
CHL1102,ST079,2003-09-04,3,1,500,12.6,0.003,0.017,0.007,0.006,3.9,4.03,Hand Draw/Prélèvement manuel,mg/L,FALSE,FALSE,-0.30471379644214114,TRUE
CHL1103,ST068,2003-09-30,1,NA,1000,12,0.002,0.009,0.005,0.004,0.9,0.94,Hand Draw/Prélèvement manuel,mg/L,FALSE,FALSE,-0.18499667991479796,FALSE
CHL1104,ST068,2003-09-30,2,NA,1000,11.4,0.001,0.009,0.004,0.003,0.99,1.03,Hand Draw/Prélèvement manuel,mg/L,FALSE,FALSE,-0.1912881934106181,FALSE
CHL1105,ST068,2003-09-30,3,NA,1000,11.5,0.002,0.009,0.004,0.003,0.89,0.92,Hand Draw/Prélèvement manuel,mg/L,FALSE,FALSE,-0.19429762285970675,FALSE
CHL1106,ST091,2003-09-30,1,NA,1000,10.5,0.001,0.011,0.005,0.003,1.13,1.18,,mg/L,FALSE,FALSE,-0.19107499218189417,FALSE
CHL1107,ST091,2003-09-30,2,NA,1000,10.3,0.004,0.013000000000000001,0.007,0.005,1.01,1.05,,mg/L,FALSE,FALSE,-0.1926863075208003,FALSE
CHL1108,ST091,2003-09-30,3,NA,1000,11.3,0.001,0.008,0.003,0.002,0.87,0.9,,mg/L,FALSE,FALSE,-0.19289950874952433,FALSE
CHL1109,ST095,2003-09-30,1,NA,1000,14.7,0.002,0.031,0.01,0.008,4.72,4.88,Hand Draw/Prélèvement manuel,mg/L,FALSE,FALSE,-0.3320364749596161,TRUE
CHL1110,ST095,2003-09-30,2,NA,1000,10.3,0.002,0.044,0.013,0.011,4.8,4.96,Hand Draw/Prélèvement manuel,mg/L,FALSE,FALSE,-0.3376289314003449,TRUE
CHL1111,ST095,2003-09-30,3,NA,1000,12.8,0.003,0.037,0.013,0.011,4.8,4.97,Hand Draw/Prélèvement manuel,mg/L,FALSE,FALSE,-0.3276289314003451,TRUE
CHL1112,ST065,2003-09-30,1,NA,1000,11,0.002,0.022,0.009,0.007,2.4,2.49,Hand Draw/Prélèvement manuel,mg/L,FALSE,FALSE,-0.23985523817846932,FALSE
CHL1113,ST065,2003-09-30,2,NA,960,12.5,0.001,0.02,0.005,0.004,2.77,2.85,Hand Draw/Prélèvement manuel,mg/L,FALSE,FALSE,-0.27572034921684185,TRUE
CHL1114,ST065,2003-09-30,3,NA,1000,10,0.03,0.057,0.034,0.033,3.06,3.14,Hand Draw/Prélèvement manuel,mg/L,FALSE,FALSE,-0.29599300381448534,TRUE
CHL1115,ST079,2003-10-08,1,NA,1000,11.6,0.005,0.061,0.019,0.017,7.22,7.46,Hand Draw/Prélèvement manuel,mg/L,FALSE,FALSE,-0.42680073873240243,TRUE
CHL1116,ST079,2003-10-08,2,NA,1000,10.5,0.002,0.062,0.018,0.016,6.99,7.22,Hand Draw/Prélèvement manuel,mg/L,FALSE,FALSE,-0.4207224264653062,TRUE
CHL1117,ST079,2003-10-08,3,NA,1000,12.7,0.001,0.046,0.012,0.01,6.36,6.57,Hand Draw/Prélèvement manuel,mg/L,FALSE,FALSE,-0.39668183199456397,TRUE
CHL1118,ST095,2004-10-03,1,NA,1000,15.1,0.003,0.028,0.008,0.007,4.24,4.36,,mg/L,FALSE,FALSE,-0.3384817363152406,TRUE
CHL1119,ST079,2004-10-05,1,1,500,12.5,0.003,0.015,0.005,0.004,3.39,3.48,,mg/L,FALSE,FALSE,-0.309061886632493,TRUE
CHL1120,ST079,2004-10-05,1,2,500,13.9,0.003,0.013000000000000001,0.006,0.005,3.06,3.17,,mg/L,FALSE,FALSE,-0.26599300381448554,FALSE
CHL1121,ST079,2005-05-03,3,NA,1000,13.4,0.003,0.019,0.006,0.006,2.41,2.48,,mg/L,FALSE,FALSE,-0.2605542952335611,FALSE
CHL1122,ST068,2005-05-03,1,NA,1000,14.2,0.003,0.016,0.006,0.005,2.06,2.12,,mg/L,FALSE,FALSE,-0.2460872983053708,FALSE
CHL1123,ST068,2005-05-03,2,NA,1000,11.7,0.001,0.015,0.004,0.004,1.83,1.89,,mg/L,FALSE,FALSE,-0.23000898603827458,FALSE
CHL1124,ST068,2005-05-03,3,NA,1000,14.4,0.004,0.018000000000000002,0.008,0.007,2.23,2.3,,mg/L,FALSE,FALSE,-0.2479712682419204,FALSE
CHL1125,ST091,2005-05-03,2,NA,1000,11.3,0.001,0.015,0.004,0.003,1.77,1.82,,mg/L,FALSE,FALSE,-0.2358146437077273,FALSE
CHL1126,ST091,2005-05-03,3,NA,1000,11.2,0.001,0.015,0.005,0.004,1.73,1.79,,mg/L,FALSE,FALSE,-0.2230184154873629,FALSE
CHL1127,ST095,2005-05-03,1,NA,1000,13.8,0.002,0.009,0.003,0.003,1.1,1.12,,mg/L,FALSE,FALSE,-0.21897782101662067,FALSE
CHL1128,ST095,2005-05-03,2,NA,1000,13.5,0.001,0.009,0.003,0.002,1.2,1.24,,mg/L,FALSE,FALSE,-0.2059683915675321,FALSE
CHL1129,ST095,2005-05-03,3,NA,1000,11.2,0.001,0.009,0.002,0.002,1.02,1.05,,mg/L,FALSE,FALSE,-0.2033853645758914,FALSE
CHL1130,ST079,2005-05-04,2,NA,980,11.5,0.004,0.028,0.01,0.009,3.13,3.23,,mg/L,FALSE,FALSE,-0.28088640320012326,TRUE
CHL1131,ST065,2005-05-04,1,NA,890,12.5,0.004,0.011,0.005,0.005,1.12,1.14,,mg/L,FALSE,FALSE,-0.2203759351268031,FALSE
CHL1132,ST065,2005-05-04,2,NA,940,11.2,0.003,0.011,0.004,0.003,1.08,1.11,,mg/L,FALSE,FALSE,-0.20757970690643845,FALSE
CHL1133,ST065,2005-05-04,3,NA,1000,14.4,0.001,0.003,0.001,0.001,0.34,0.34,,mg/L,FALSE,FALSE,-0.1858494848296936,FALSE
CHL1134,ST079,2005-06-02,1,NA,1000,10.5,0.002,0.011,0.005,0.003,1.03,1.07,,mg/L,FALSE,FALSE,-0.19408442163098272,FALSE
CHL1135,ST079,2005-06-02,2,NA,1000,11.6,0.001,0.008,0.003,0.001,0.9,0.93,,mg/L,FALSE,FALSE,-0.19499667991479785,FALSE
CHL1136,ST079,2005-06-02,3,NA,1000,12,0.002,0.008,0.004,0.001,0.79,0.82,,mg/L,FALSE,FALSE,-0.1873070523087953,FALSE
CHL1137,ST068,2005-06-07,1,NA,1000,11.4,0.001,0.016,0.005,0.004,1.9,1.96,,mg/L,FALSE,FALSE,-0.23490238542391229,FALSE
CHL1138,ST068,2005-06-07,2,NA,1000,10.9,0.007,0.023,0.012,0.01,1.92,1.99,,mg/L,FALSE,FALSE,-0.22630049953409448,FALSE
CHL1139,ST068,2005-06-07,3,NA,1000,11.8,0.012,0.028999999999999998,0.017,0.017,2.21,2.29,,mg/L,FALSE,FALSE,-0.23657315413173796,FALSE
CHL1140,ST091,2005-06-07,1,NA,1000,12.5,0.002,0.011,0.005,0.004,1.23,1.28,,mg/L,FALSE,FALSE,-0.19806556273280562,FALSE
CHL1141,ST091,2005-06-07,2,NA,1000,13.2,0.001,0.008,0.002,0.002,1.05,1.08,,mg/L,FALSE,FALSE,-0.20548253574116493,FALSE
CHL1142,ST091,2005-06-07,3,NA,1000,14.5,0,0.007,0.002,0.001,1.12,1.16,,mg/L,FALSE,FALSE,-0.20037593512680307,FALSE
CHL1143,ST095,2005-06-07,1,NA,1000,12.1,0.003,0.018000000000000002,0.007,0.004,2.01,2.08,,mg/L,FALSE,FALSE,-0.23259201302991483,FALSE
CHL1144,ST095,2005-06-07,2,NA,1000,13.2,0.001,0.018000000000000002,0.006,0.003,2.47,2.56,,mg/L,FALSE,FALSE,-0.2447486375641077,FALSE
CHL1145,ST095,2005-06-07,3,NA,1000,10.2,0.004,0.025,0.009,0.008,2.39,2.46,,mg/L,FALSE,FALSE,-0.25915618112337846,FALSE
CHL1146,ST065,2005-06-07,1,NA,1000,11.4,0.003,0.013000000000000001,0.005,0.005,1.28,1.32,,mg/L,FALSE,FALSE,-0.21156084800826136,FALSE
CHL1147,ST065,2005-06-07,2,NA,1000,13.9,0.002,0.009,0.004,0.002,1.07,1.11,,mg/L,FALSE,FALSE,-0.19688064985134712,FALSE
CHL1148,ST065,2005-06-07,3,NA,1000,9.5,0.003,0.014,0.006,0.003,1.15,1.19,,mg/L,FALSE,FALSE,-0.20247310629207638,FALSE
CHL1149,ST068,2005-06-28,1,1,500,11.9,0.005,0.015,0.009,0.009,2.57,2.68,,mg/L,FALSE,FALSE,-0.2317392081150187,FALSE
CHL1150,ST068,2005-06-28,1,2,500,12.9,0.001,0.01,0.005,0.003,2.49,2.6,,mg/L,FALSE,FALSE,-0.22614675167428988,FALSE
CHL1151,ST068,2005-06-28,2,2,500,13.5,0.002,0.009,0.005,0.004,2.03,2.12,,mg/L,FALSE,FALSE,-0.21399012714009702,FALSE
CHL1152,ST068,2005-06-28,2,1,500,16,0.001,0.007,0.003,0.002,2.1,2.18,,mg/L,FALSE,FALSE,-0.22888352652573518,FALSE
CHL1153,ST068,2005-06-28,3,1,500,14.3,0.002,0.008,0.003,0.002,1.94,1.99,,mg/L,FALSE,FALSE,-0.2476986136442767,FALSE
CHL1154,ST068,2005-06-28,3,2,500,12,0.003,0.008,0.003,0.003,1.4,1.42,,mg/L,FALSE,FALSE,-0.23994953266935504,FALSE
CHL1155,ST091,2005-06-28,1,1,500,11.5,0.008,0.023,0.013,0.012,3.78,3.92,,mg/L,FALSE,FALSE,-0.28632511178104814,TRUE
CHL1156,ST091,2005-06-28,1,2,500,10.3,0.002,0.015,0.006,0.005,2.95,3.05,,mg/L,FALSE,FALSE,-0.268303376208483,FALSE
CHL1157,ST091,2005-06-28,2,2,500,12.2,0,0.014,0.004,0.003,3.77,3.9,,mg/L,FALSE,FALSE,-0.29562605472595704,TRUE
CHL1158,ST091,2005-06-28,2,1,500,11,0.002,0.015,0.004,0.004,3.24,3.32,,mg/L,FALSE,FALSE,-0.30857603080612606,TRUE
CHL1159,ST091,2005-06-28,3,1,500,12.2,0.002,0.015,0.006,0.005,3.49,3.61,,mg/L,FALSE,FALSE,-0.28605245718340466,TRUE
CHL1160,ST091,2005-06-28,3,2,500,11.3,0.002,0.017,0.006,0.005,3.76,3.88,,mg/L,FALSE,FALSE,-0.30492699767086595,TRUE
CHL1161,ST095,2005-06-28,1,NA,1000,13.3,0.004,0.016,0.007,0.005,1.77,1.83,,mg/L,FALSE,FALSE,-0.2258146437077273,FALSE
CHL1162,ST095,2005-06-28,2,NA,1000,11,0.002,0.019,0.006,0.004,2.08,2.15,,mg/L,FALSE,FALSE,-0.2374854124155532,FALSE
CHL1163,ST095,2005-06-28,3,2,500,11.6,0.001,0.009,0.003,0.003,2.06,2.13,,mg/L,FALSE,FALSE,-0.236087298305371,FALSE
CHL1164,ST095,2005-06-28,3,1,500,14.8,0.006,0.014,0.009,0.009,2.57,2.68,,mg/L,FALSE,FALSE,-0.2317392081150187,FALSE
CHL1165,ST065,2005-06-28,1,NA,1000,12.8,0,0.013000000000000001,0.004,0.003,1.83,1.9,,mg/L,FALSE,FALSE,-0.22000898603827457,FALSE
CHL1166,ST065,2005-06-28,2,2,500,12.4,0.001,0.006,0.002,0.001,1.39,1.43,,mg/L,FALSE,FALSE,-0.21925047561426392,FALSE
CHL1167,ST065,2005-06-28,2,1,500,14.5,0.004,0.01,0.007,0.007,1.85,1.93,,mg/L,FALSE,FALSE,-0.21140710014845676,FALSE
CHL1168,ST065,2005-06-28,3,NA,1000,10.5,0.002,0.02,0.008,0.006,2.07,2.15,,mg/L,FALSE,FALSE,-0.22678635536046166,FALSE
CHL1169,ST079,2005-06-29,1,1,500,13,0.003,0.016,0.006,0.004,3.77,3.89,,mg/L,FALSE,FALSE,-0.30562605472595683,TRUE
CHL1170,ST079,2005-06-29,1,2,500,12.8,0.005,0.017,0.008,0.007,3.42,3.53,,mg/L,FALSE,FALSE,-0.2911590577977665,TRUE
CHL1171,ST079,2005-06-29,2,1,500,12.3,0.003,0.018000000000000002,0.007,0.005,4.09,4.23,,mg/L,FALSE,FALSE,-0.30799588048887294,TRUE
CHL1172,ST079,2005-06-29,2,2,500,13.3,0.003,0.017,0.005,0.005,4.23,4.34,,mg/L,FALSE,FALSE,-0.34778267926014994,TRUE
CHL1173,ST079,2005-06-29,3,2,500,11.2,0.002,0.021,0.009,0.008,4.63,4.81,,mg/L,FALSE,FALSE,-0.3057449614637955,TRUE
CHL1174,ST079,2005-06-29,3,1,500,11.9,0.002,0.016,0.004,0.004,3.78,3.88,,mg/L,FALSE,FALSE,-0.32632511178104817,TRUE
CHL1175,ST068,2005-07-25,1,NA,1000,12.8,0.002,0.014,0.013,0.002,1.48,1.6,,mg/L,FALSE,FALSE,-0.1455419891100842,FALSE
CHL1176,ST068,2005-07-25,2,NA,1000,12.5,0.003,0.018000000000000002,0.008,0.005,2.05,2.13,,mg/L,FALSE,FALSE,-0.22538824125027945,FALSE
CHL1177,ST068,2005-07-25,3,NA,1000,11.2,0.002,0.018000000000000002,0.018,0.004,1.7,1.85,,mg/L,FALSE,FALSE,-0.1309212443220893,FALSE
CHL1178,ST091,2005-07-25,1,NA,1000,11.8,0.002,0.011,0.004,0.002,1.19,1.22,,mg/L,FALSE,FALSE,-0.215269334512441,FALSE
CHL1179,ST091,2005-07-25,2,NA,1000,10.5,0.001,0.01,0.009,0.002,0.92,0.99,,mg/L,FALSE,FALSE,-0.15639479402498013,FALSE
CHL1180,ST091,2005-07-25,3,NA,1000,12.3,0.003,0.013000000000000001,0.006,0.005,1.35,1.4,,mg/L,FALSE,FALSE,-0.2064542473938995,FALSE
CHL1181,ST079,2005-07-26,1,NA,1000,14.6,0.016,0.04,0.023,0.021,3.87,4,,mg/L,FALSE,FALSE,-0.30261662527686894,TRUE
CHL1182,ST079,2005-07-26,2,1,500,13.6,0.003,0.017,0.008,0.006,4.15,4.31,,mg/L,FALSE,FALSE,-0.2921902228194213,TRUE
CHL1183,ST079,2005-07-26,2,2,500,8.5,0,0.014,0.013,0.003,2.3,2.48,,mg/L,FALSE,FALSE,-0.142864667627558,FALSE
CHL1184,ST079,2005-07-26,3,1,500,11.7,0.028,0.043000000000000003,0.031,0.027,3.93,4.05,,mg/L,FALSE,FALSE,-0.3168109676074158,TRUE
CHL1185,ST079,2005-07-26,3,2,500,14,0.002,0.012,0.012,0.004,2.66,2.89,,mg/L,FALSE,FALSE,-0.1180307216108396,FALSE
CHL1186,ST095,2005-07-26,1,2,500,11.8,0.001,0.028,0.009,0.007,7.02,7.27,,mg/L,FALSE,FALSE,-0.40281959763057973,TRUE
CHL1187,ST095,2005-07-26,1,1,500,12.8,0.001,0.025,0.007,0.006,6.83,7.05,,mg/L,FALSE,FALSE,-0.4195375135838475,TRUE
CHL1188,ST095,2005-07-26,2,1,500,10.8,0.007,0.037,0.017,0.014,7.09,7.36,,mg/L,FALSE,FALSE,-0.38771299701621675,TRUE
CHL1189,ST095,2005-07-26,2,2,500,11.8,0.001,0.027,0.008,0.006,6.8,7.03,,mg/L,FALSE,FALSE,-0.40744034241857374,TRUE
CHL1190,ST095,2005-07-26,3,1,500,12.2,0.001,0.028999999999999998,0.009,0.008,7.55,7.81,,mg/L,FALSE,FALSE,-0.42986962155040853,TRUE
CHL1191,ST095,2005-07-26,3,2,500,13.8,0.002,0.024,0.023,0.005,5.82,6.31,,mg/L,FALSE,FALSE,-0.07893275101964292,FALSE
CHL1192,ST065,2005-07-26,1,2,500,12.8,0.001,0.007,0.002,0.001,1.73,1.78,,mg/L,FALSE,FALSE,-0.2330184154873629,FALSE
CHL1193,ST065,2005-07-26,1,1,500,11.3,0.002,0.006,0.005,0.002,0.91,0.97,,mg/L,FALSE,FALSE,-0.16569573696988904,FALSE
CHL1194,ST065,2005-07-26,2,1,500,15,0.003,0.01,0.005,0.005,2.32,2.4,,mg/L,FALSE,FALSE,-0.2442627817377403,FALSE
CHL1195,ST065,2005-07-26,2,2,500,11.1,0.001,0.007,0.006,0.001,1.31,1.41,,mg/L,FALSE,FALSE,-0.15365801917353483,FALSE
CHL1196,ST065,2005-07-26,3,1,500,13.8,0.001,0.007,0.002,0.002,1.87,1.92,,mg/L,FALSE,FALSE,-0.242805214258639,FALSE
CHL1197,ST065,2005-07-26,3,2,500,12,0.009,0.019,0.012,0.012,2.65,2.74,,mg/L,FALSE,FALSE,-0.25733166455574796,FALSE
CHL1198,ST079,2005-08-24,1,NA,1000,14.5,0,0.015,0.004,0.004,2.41,2.49,,mg/L,FALSE,FALSE,-0.2505542952335609,FALSE
CHL1199,ST079,2005-08-24,2,NA,1000,13,0.002,0.02,0.006,0.004,2.61,2.69,,mg/L,FALSE,FALSE,-0.2645354363353838,FALSE
CHL1200,ST079,2005-08-24,3,NA,1000,13.2,0.014,0.034,0.021,0.02,2.88,2.99,,mg/L,FALSE,FALSE,-0.2534099768228444,FALSE
CHL1201,ST068,2005-08-25,1,NA,1000,13.8,0.001,0.01,0.004,0.002,1.36,1.41,,mg/L,FALSE,FALSE,-0.2071533044489906,FALSE
CHL1202,ST068,2005-08-25,2,NA,1000,11.8,0.013,0.02,0.013,0.012,0.96,0.98,,mg/L,FALSE,FALSE,-0.20919102224534458,FALSE
CHL1203,ST068,2005-08-25,3,NA,1000,11.7,0,0.011,0.004,0.002,1.4,1.45,,mg/L,FALSE,FALSE,-0.209949532669355,FALSE
CHL1204,ST091,2005-08-25,1,NA,1000,13.2,0.001,0.011,0.005,0.005,1.43,1.49,,mg/L,FALSE,FALSE,-0.20204670383462853,FALSE
CHL1205,ST091,2005-08-25,2,NA,1000,12.4,0.009,0.023,0.012,0.011,1.94,2,,mg/L,FALSE,FALSE,-0.2376986136442767,FALSE
CHL1206,ST091,2005-08-25,3,NA,1000,11.8,0.002,0.011,0.004,0.004,1.19,1.22,,mg/L,FALSE,FALSE,-0.215269334512441,FALSE
CHL1207,ST095,2005-08-25,1,NA,1000,13.9,0.004,0.033,0.012,0.011,4.46,4.61,,mg/L,FALSE,FALSE,-0.3238609915272459,TRUE
CHL1208,ST095,2005-08-25,2,NA,1000,13.8,0.012,0.039,0.018,0.016,4.16,4.29,,mg/L,FALSE,FALSE,-0.322889279874512,TRUE
CHL1209,ST095,2005-08-25,3,NA,1000,13,0.076,0.081,0.043,0.042,1.64,1.4,,mg/L,FALSE,FALSE,-0.5167269019915426,TRUE
CHL1210,ST065,2005-08-25,1,NA,1000,14.8,0.001,0.01,0.004,0.002,1.46,1.51,,mg/L,FALSE,FALSE,-0.21414387499990184,FALSE
CHL1211,ST065,2005-08-25,2,NA,1000,11,0.001,0.012,0.003,0.002,1.36,1.4,,mg/L,FALSE,FALSE,-0.21715330444899061,FALSE
CHL1212,ST065,2005-08-25,3,NA,1000,13.1,0,0.011,0.005,0.003,1.54,1.61,,mg/L,FALSE,FALSE,-0.19973633144063108,FALSE
CHL1213,ST079,2005-09-20,1,2,500,10.9,0.005,0.017,0.006,0.006,3,3.07,,mg/L,FALSE,FALSE,-0.3017986614839385,TRUE
CHL1214,ST079,2005-09-20,1,1,500,12,0.005,0.019,0.013,0.011,3.51,3.7,,mg/L,FALSE,FALSE,-0.21745057129358658,FALSE
CHL1215,ST079,2005-09-20,2,2,500,12.2,0.001,0.01,0.001,0.001,2.56,2.6,,mg/L,FALSE,FALSE,-0.3010401510599281,TRUE
CHL1216,ST079,2005-09-20,2,1,500,13.5,0.007,0.02,0.012,0.012,3.81,3.96,,mg/L,FALSE,FALSE,-0.27842228294632143,TRUE
CHL1217,ST079,2005-09-20,3,2,500,12.8,0.014,0.023,0.014,0.012,2.68,2.73,,mg/L,FALSE,FALSE,-0.29942883572102197,TRUE
CHL1218,ST079,2005-09-20,3,1,500,11.4,0.001,0.012,0.003,0.003,2.83,2.91,,mg/L,FALSE,FALSE,-0.2799146915473889,TRUE
CHL1219,ST068,2005-09-20,1,2,500,12.4,0,0.006,0.002,0.002,1.63,1.69,,mg/L,FALSE,FALSE,-0.21602784493645144,FALSE
CHL1220,ST068,2005-09-20,1,1,500,11.4,0,0.006,0.003,0.002,1.45,1.52,,mg/L,FALSE,FALSE,-0.19344481794481072,FALSE
CHL1221,ST068,2005-09-20,2,2,500,12.1,0.001,0.007,0.003,0.002,1.59,1.65,,mg/L,FALSE,FALSE,-0.21323161671608704,FALSE
CHL1222,ST068,2005-09-20,2,1,500,11.2,0,0.005,0.001,0,1.26,1.29,,mg/L,FALSE,FALSE,-0.22016273389807894,FALSE
CHL1223,ST068,2005-09-20,3,2,500,12.2,0.009,0.017,0.013,0.012,2.07,2.17,,mg/L,FALSE,FALSE,-0.20678635536046164,FALSE
CHL1224,ST068,2005-09-20,3,1,500,14.8,0.002,0.006,0.003,0.002,1.31,1.36,,mg/L,FALSE,FALSE,-0.20365801917353465,FALSE
CHL1225,ST091,2005-09-20,1,NA,1000,14.2,0,0.013000000000000001,0.003,0.002,2.06,2.12,,mg/L,FALSE,FALSE,-0.2460872983053708,FALSE
CHL1226,ST091,2005-09-20,2,2,500,12.5,0.001,0.009,0.003,0.002,2.22,2.29,,mg/L,FALSE,FALSE,-0.24727221118682907,FALSE
CHL1227,ST091,2005-09-20,2,1,500,11.2,0.001,0.01,0.004,0.003,2.21,2.29,,mg/L,FALSE,FALSE,-0.23657315413173796,FALSE
CHL1228,ST091,2005-09-20,3,2,500,13,0,0.007,0.002,0,2.01,2.08,,mg/L,FALSE,FALSE,-0.23259201302991483,FALSE
CHL1229,ST091,2005-09-20,3,1,500,14.2,0,0.007,0.002,0.001,2.19,2.27,,mg/L,FALSE,FALSE,-0.23517504002155531,FALSE
CHL1230,ST095,2005-09-20,1,2,500,13,0.005,0.033,0.014,0.013,7.99,8.28,,mg/L,FALSE,FALSE,-0.4306281319744212,TRUE
CHL1231,ST095,2005-09-20,1,1,500,11.7,0.002,0.034,0.009,0.009,8.38,8.63,,mg/L,FALSE,FALSE,-0.49789135712297394,TRUE
CHL1232,ST095,2005-09-20,2,2,500,14.4,0.001,0.025,0.006,0.006,7.75,7.98,,mg/L,FALSE,FALSE,-0.4738507626522317,TRUE
CHL1233,ST095,2005-09-20,2,1,500,11,0.001,0.034999999999999996,0.009,0.009,8.34,8.61,,mg/L,FALSE,FALSE,-0.47509512890261085,TRUE
CHL1234,ST095,2005-09-20,3,2,500,12.1,0.002,0.034999999999999996,0.01,0.009,8.89,9.18,,mg/L,FALSE,FALSE,-0.4935432669326243,TRUE
CHL1235,ST095,2005-09-20,3,1,500,13.8,0.004,0.032,0.01,0.01,8.65,8.92,,mg/L,FALSE,FALSE,-0.49676589761043566,TRUE
CHL1236,ST065,2005-09-20,1,2,500,12.4,0.001,0.008,0.003,0.002,1.92,1.98,,mg/L,FALSE,FALSE,-0.2363004995340945,FALSE
CHL1237,ST065,2005-09-20,1,1,500,12.3,0,0.006,0.001,0.001,1.67,1.71,,mg/L,FALSE,FALSE,-0.23882407315681586,FALSE
CHL1238,ST065,2005-09-20,2,1,500,13.3,0.003,0.009,0.003,0.003,1.86,1.89,,mg/L,FALSE,FALSE,-0.2621061572035479,FALSE
CHL1239,ST065,2005-09-20,2,2,500,15.5,0,0.004,0,0,1.44,1.47,,mg/L,FALSE,FALSE,-0.23274576088971966,FALSE
CHL1240,ST065,2005-09-20,3,1,500,15.5,0,0.004,0,0,1.44,1.47,,mg/L,FALSE,FALSE,-0.23274576088971966,FALSE
CHL1241,ST065,2005-09-20,3,2,500,12.4,0,0.006,0.002,0.001,1.63,1.69,,mg/L,FALSE,FALSE,-0.21602784493645144,FALSE
CHL1242,ST068,2005-10-18,1,NA,1000,11.8,0.002,0.014,0.005,0.004,1.57,1.63,,mg/L,FALSE,FALSE,-0.2118335026059046,FALSE
CHL1243,ST068,2005-10-18,2,NA,1000,11.4,0,0.015,0.004,0.003,1.9,1.96,,mg/L,FALSE,FALSE,-0.23490238542391229,FALSE
CHL1244,ST068,2005-10-18,3,NA,1000,10.5,0,0.016,0.004,0.004,1.87,1.93,,mg/L,FALSE,FALSE,-0.23280521425863898,FALSE
CHL1245,ST091,2005-10-18,1,NA,1000,11.5,0.001,0.016,0.005,0.004,1.91,1.98,,mg/L,FALSE,FALSE,-0.22560144247900338,FALSE
CHL1246,ST091,2005-10-18,2,NA,1000,11.3,0.001,0.015,0.004,0.003,1.77,1.82,,mg/L,FALSE,FALSE,-0.2358146437077273,FALSE
CHL1247,ST091,2005-10-18,3,NA,850,14.2,0,0.011,0.004,0.003,2,2.08,,mg/L,FALSE,FALSE,-0.22189295597482372,FALSE
CHL1248,ST095,2005-10-18,1,NA,1000,12.6,0.002,0.044,0.014,0.012,5.85,6.05,,mg/L,FALSE,FALSE,-0.37102992218491515,TRUE
CHL1249,ST095,2005-10-18,2,NA,1000,11.2,0.007,0.054000000000000006,0.02,0.018,5.83,6.02,,mg/L,FALSE,FALSE,-0.3796318080747332,TRUE
CHL1250,ST095,2005-10-18,3,NA,1000,14.2,0.002,0.04,0.012,0.012,5.99,6.19,,mg/L,FALSE,FALSE,-0.380816720956191,TRUE
CHL1251,ST065,2005-10-18,1,NA,1000,11.1,0.002,0.023,0.007,0.006,2.6,2.68,,mg/L,FALSE,FALSE,-0.26383637928029247,FALSE
CHL1252,ST065,2005-10-18,2,2,500,11.1,0.002,0.013000000000000001,0.005,0.005,2.71,2.8,,mg/L,FALSE,FALSE,-0.26152600688629546,FALSE
CHL1253,ST065,2005-10-18,2,1,500,12.3,0.001,0.01,0.003,0.003,2.48,2.55,,mg/L,FALSE,FALSE,-0.26544769461919904,FALSE
CHL1254,ST065,2005-10-18,3,2,500,11.8,0,0.012,0.004,0.003,3.1,3.22,,mg/L,FALSE,FALSE,-0.2587892320348497,FALSE
CHL1255,ST065,2005-10-18,3,1,500,12.2,0,0.01,0.003,0.002,2.69,2.78,,mg/L,FALSE,FALSE,-0.2601278927761128,FALSE
CHL1256,ST079,2005-10-19,1,NA,1000,11.8,0,0.044,0.011,0.01,5.77,5.96,,mg/L,FALSE,FALSE,-0.3754374657441861,TRUE
CHL1257,ST079,2005-10-19,2,NA,1000,12.5,0.004,0.048,0.016,0.015,6.09,6.3,,mg/L,FALSE,FALSE,-0.3778072915071027,TRUE
CHL1258,ST079,2005-10-19,3,NA,1000,10.1,0,0.053000000000000005,0.014,0.012,5.94,6.14,,mg/L,FALSE,FALSE,-0.3773214356807362,TRUE
CHL1259,ST068,2008-05-05,1,NA,1000,11.5,0.001,0.004,0.005,0.003,0.3,0.34,,mg/L,FALSE,FALSE,-0.14305325660932905,FALSE
CHL1260,ST068,2008-05-05,2,NA,1000,14,0.003,0.005,0.003,0.002,0.32,0.33,,mg/L,FALSE,FALSE,-0.1744513707195114,FALSE
CHL1261,ST068,2008-05-05,3,NA,1000,12,0.004,0.006,0.004,0.004,0.28,0.28,,mg/L,FALSE,FALSE,-0.18165514249914672,FALSE
CHL1262,ST091,2008-05-05,1,NA,1000,12.9,0.002,0.005,0.003,0.002,0.42,0.44,,mg/L,FALSE,FALSE,-0.17144194127042284,FALSE
CHL1263,ST091,2008-05-05,2,NA,1000,11.9,0.002,0.005,0.003,0.002,0.39,0.4,,mg/L,FALSE,FALSE,-0.17934477010514938,FALSE
CHL1264,ST091,2008-05-05,3,NA,1000,10.7,0.001,0.005,0.002,0.001,0.48,0.49,,mg/L,FALSE,FALSE,-0.18563628360096962,FALSE
CHL1265,ST068,2008-06-11,1,NA,1000,10.4,0,0.006,0.002,0.002,0.68,0.71,,mg/L,FALSE,FALSE,-0.17961742470279263,FALSE
CHL1266,ST068,2008-06-11,2,NA,1000,12.4,0.001,0.006,0.003,0.003,0.67,0.7,,mg/L,FALSE,FALSE,-0.17891836764770153,FALSE
CHL1267,ST068,2008-06-11,3,NA,1000,11.2,0,0.005,0.002,0.002,0.61,0.63,,mg/L,FALSE,FALSE,-0.18472402531715448,FALSE
CHL1268,ST091,2008-06-11,1,NA,1000,10.7,0.003,0.007,0.006,0.006,0.43,0.46,,mg/L,FALSE,FALSE,-0.16214099832551393,FALSE
CHL1269,ST091,2008-06-11,2,NA,1000,11.5,0.001,0.005,0.002,0.002,0.51,0.53,,mg/L,FALSE,FALSE,-0.17773345476624303,FALSE
CHL1270,ST091,2008-06-11,3,NA,1000,11.2,0.002,0.009,0.005,0.005,0.84,0.88,,mg/L,FALSE,FALSE,-0.18080233758425102,FALSE
CHL1271,ST095,2008-06-11,1,NA,1000,12,0.002,0.018000000000000002,0.008,0.006,2.08,2.17,,mg/L,FALSE,FALSE,-0.2174854124155532,FALSE
CHL1272,ST095,2008-06-11,2,NA,1000,11,0.002,0.017,0.008,0.006,1.78,1.86,,mg/L,FALSE,FALSE,-0.20651370076281883,FALSE
CHL1273,ST095,2008-06-11,3,NA,1000,10.4,0.004,0.023,0.011,0.01,2.15,2.23,,mg/L,FALSE,FALSE,-0.2323788118011909,FALSE
CHL1274,ST065,2008-06-11,1,NA,1000,11,0.002,0.009,0.004,0.003,0.85,0.88,,mg/L,FALSE,FALSE,-0.19150139463934213,FALSE
CHL1275,ST065,2008-06-11,2,NA,1000,11.3,0,0.007,0.002,0.001,0.87,0.9,,mg/L,FALSE,FALSE,-0.19289950874952433,FALSE
CHL1276,ST065,2008-06-11,3,NA,1000,11.4,0,0.007,0.003,0.002,0.86,0.89,,mg/L,FALSE,FALSE,-0.19220045169443323,FALSE
CHL1277,ST068,2008-07-07,1,1,500,12.7,0.001,0.007,0.003,0.002,1.67,1.73,,mg/L,FALSE,FALSE,-0.21882407315681585,FALSE
CHL1278,ST068,2008-07-07,1,2,500,12.5,0,0.007,0.002,0.001,1.93,2,,mg/L,FALSE,FALSE,-0.22699955658918558,FALSE
CHL1279,ST068,2008-07-07,2,1,500,12.1,0.001,0.008,0.003,0.004,1.87,1.94,,mg/L,FALSE,FALSE,-0.22280521425863897,FALSE
CHL1280,ST068,2008-07-07,2,2,500,13.7,0.003,0.008,0.005,0.003,1.48,1.54,,mg/L,FALSE,FALSE,-0.20554198911008426,FALSE
CHL1281,ST068,2008-07-07,3,2,500,11,0,0.01,0.003,0.002,2.42,2.51,,mg/L,FALSE,FALSE,-0.24125335228865197,FALSE
CHL1282,ST068,2008-07-07,3,1,500,10.7,0,0.008,0.002,0.001,1.9,1.96,,mg/L,FALSE,FALSE,-0.23490238542391229,FALSE
CHL1283,ST091,2008-07-07,1,NA,1000,11,0.001,0.019,0.007,0.003,2.16,2.25,,mg/L,FALSE,FALSE,-0.22307786885628245,FALSE
CHL1284,ST091,2008-07-07,2,NA,1000,12.6,0,0.015,0.004,0.002,2.09,2.16,,mg/L,FALSE,FALSE,-0.23818446947064364,FALSE
CHL1285,ST091,2008-07-07,3,2,500,10.3,0.002,0.01,0.006,0.003,1.74,1.83,,mg/L,FALSE,FALSE,-0.19371747254245397,FALSE
CHL1286,ST091,2008-07-07,3,1,500,11.4,0.009,0.019,0.012,0.012,2.51,2.6,,mg/L,FALSE,FALSE,-0.2475448657844721,FALSE
CHL1287,ST095,2008-07-07,1,NA,1000,10.8,0.001,0.016,0.005,0.004,1.8,1.86,,mg/L,FALSE,FALSE,-0.22791181487300105,FALSE
CHL1288,ST095,2008-07-07,2,NA,1000,14.6,0.001,0.013000000000000001,0.003,0.003,1.98,2.03,,mg/L,FALSE,FALSE,-0.25049484186464177,FALSE
CHL1289,ST095,2008-07-07,3,NA,1000,12.5,0.001,0.013000000000000001,0.004,0.003,1.67,1.72,,mg/L,FALSE,FALSE,-0.22882407315681585,FALSE
CHL1290,ST065,2008-07-07,1,1,500,10.5,0,0.005,0.002,0.001,1.13,1.18,,mg/L,FALSE,FALSE,-0.19107499218189417,FALSE
CHL1291,ST065,2008-07-07,1,2,500,10.8,0.001,0.008,0.003,0.003,1.67,1.73,,mg/L,FALSE,FALSE,-0.21882407315681585,FALSE
CHL1292,ST065,2008-07-07,2,NA,890,10.2,0.002,0.012,0.005,0.004,1.26,1.31,,mg/L,FALSE,FALSE,-0.20016273389807893,FALSE
CHL1293,ST065,2008-07-07,3,1,500,13.2,0,0.005,0.002,0.002,1.43,1.49,,mg/L,FALSE,FALSE,-0.20204670383462853,FALSE
CHL1294,ST065,2008-07-07,3,2,500,12.6,0,0.005,0.002,0.001,1.36,1.42,,mg/L,FALSE,FALSE,-0.1971533044489906,FALSE
CHL1295,ST068,2008-08-06,1,NA,1000,11.8,0.001,0.013000000000000001,0.004,0.003,1.57,1.63,,mg/L,FALSE,FALSE,-0.2118335026059046,FALSE
CHL1296,ST068,2008-08-06,2,NA,1000,12,0,0.015,0.005,0.004,1.97,2.04,,mg/L,FALSE,FALSE,-0.22979578480955043,FALSE
CHL1297,ST068,2008-08-06,3,NA,1000,11.6,0.001,0.015,0.005,0.005,1.79,1.86,,mg/L,FALSE,FALSE,-0.21721275781790994,FALSE
CHL1298,ST091,2008-08-06,1,NA,1000,12.3,0.002,0.013000000000000001,0.005,0.004,1.5,1.55,,mg/L,FALSE,FALSE,-0.21694010322026647,FALSE
CHL1299,ST091,2008-08-06,2,NA,1000,12,0.002,0.01,0.003,0.004,1.09,1.12,,mg/L,FALSE,FALSE,-0.20827876396152956,FALSE
CHL1300,ST091,2008-08-06,3,NA,1000,11.2,0.002,0.013000000000000001,0.005,0.004,1.36,1.41,,mg/L,FALSE,FALSE,-0.2071533044489906,FALSE
CHL1301,ST095,2008-08-06,1,NA,1000,11,0.003,0.023,0.008,0.008,2.45,2.53,,mg/L,FALSE,FALSE,-0.2533505234539257,FALSE
CHL1302,ST095,2008-08-06,2,NA,1000,11.8,0.002,0.022,0.007,0.007,2.63,2.71,,mg/L,FALSE,FALSE,-0.265933550445566,FALSE
CHL1303,ST095,2008-08-06,3,NA,1000,12.1,0.002,0.022,0.007,0.006,2.69,2.78,,mg/L,FALSE,FALSE,-0.2601278927761128,FALSE
CHL1304,ST065,2008-08-06,1,NA,1000,12.8,0.002,0.008,0.004,0.005,0.84,0.87,,mg/L,FALSE,FALSE,-0.19080233758425102,FALSE
CHL1305,ST065,2008-08-06,2,NA,1000,10.3,0.002,0.012,0.004,0.004,1.16,1.19,,mg/L,FALSE,FALSE,-0.2131721633471675,FALSE
CHL1306,ST065,2008-08-06,3,NA,1000,12.1,0.002,0.011,0.004,0.004,1.22,1.26,,mg/L,FALSE,FALSE,-0.2073665056777143,FALSE
CHL1307,ST068,2008-09-08,1,NA,1000,10.8,0.001,0.013000000000000001,0.004,0.003,1.44,1.49,,mg/L,FALSE,FALSE,-0.21274576088971964,FALSE
CHL1308,ST068,2008-09-08,2,NA,970,10.8,0.005,0.018000000000000002,0.009,0.008,1.59,1.65,,mg/L,FALSE,FALSE,-0.21323161671608704,FALSE
CHL1309,ST068,2008-09-08,3,NA,1000,12,0.001,0.011,0.005,0.004,1.3,1.35,,mg/L,FALSE,FALSE,-0.20295896211844355,FALSE
CHL1310,ST091,2008-09-08,1,NA,1000,11.6,0.001,0.011,0.005,0.004,1.25,1.31,,mg/L,FALSE,FALSE,-0.18946367684298782,FALSE
CHL1311,ST091,2008-09-08,2,NA,1000,11.8,0.001,0.01,0.004,0.004,1.16,1.21,,mg/L,FALSE,FALSE,-0.19317216334716747,FALSE
CHL1312,ST091,2008-09-08,3,NA,990,11.5,0.003,0.011,0.006,0.006,1.01,1.05,,mg/L,FALSE,FALSE,-0.1926863075208003,FALSE
CHL1313,ST095,2008-09-08,1,1,500,13,0.002,0.023,0.009,0.009,5.98,6.2,,mg/L,FALSE,FALSE,-0.3601176639011001,TRUE
CHL1314,ST095,2008-09-08,1,2,500,11,0,0.027,0.007,0.007,6.6,6.81,,mg/L,FALSE,FALSE,-0.4134592013167513,TRUE
CHL1315,ST095,2008-09-08,2,2,460,11.2,0.001,0.03,0.009,0.009,7.82,8.08,,mg/L,FALSE,FALSE,-0.4487441620378707,TRUE
CHL1316,ST095,2008-09-08,2,1,500,11.4,0,0.023,0.007,0.006,5.77,5.98,,mg/L,FALSE,FALSE,-0.35543746574418567,TRUE
CHL1317,ST095,2008-09-08,3,2,500,10.3,0.001,0.025,0.008,0.008,5.46,5.65,,mg/L,FALSE,FALSE,-0.35376669703636043,TRUE
CHL1318,ST095,2008-09-08,3,1,500,10.6,0.001,0.026000000000000002,0.009,0.008,5.82,6.03,,mg/L,FALSE,FALSE,-0.3589327510196423,TRUE
CHL1319,ST065,2008-09-08,1,NA,1000,11.8,0.002,0.014,0.005,0.005,1.58,1.63,,mg/L,FALSE,FALSE,-0.22253255966099594,FALSE
CHL1320,ST065,2008-09-08,2,NA,1000,14.7,0.004,0.012,0.005,0.004,1.34,1.37,,mg/L,FALSE,FALSE,-0.2257551903388082,FALSE
CHL1321,ST065,2008-09-08,3,NA,1000,10,0.003,0.019,0.007,0.007,1.78,1.84,,mg/L,FALSE,FALSE,-0.22651370076281885,FALSE
CHL1322,ST068,2008-10-07,1,NA,1000,10.8,0.006,0.013000000000000001,0.008,0.008,0.84,0.86,,mg/L,FALSE,FALSE,-0.20080233758425103,FALSE
CHL1323,ST068,2008-10-07,2,NA,1000,11.4,0.002,0.008,0.003,0.003,0.77,0.79,,mg/L,FALSE,FALSE,-0.19590893819861288,FALSE
CHL1324,ST068,2008-10-07,3,NA,1000,9.5,0.005,0.01,0.006,0.006,0.53,0.55,,mg/L,FALSE,FALSE,-0.17913156887642534,FALSE
CHL1325,ST091,2008-10-07,1,NA,1000,12.4,0.001,0.006,0.002,0,0.69,0.71,,mg/L,FALSE,FALSE,-0.19031648175788374,FALSE
CHL1326,ST091,2008-10-07,2,NA,1000,10.2,0.005,0.016,0.009,0.009,1.22,1.27,,mg/L,FALSE,FALSE,-0.1973665056777143,FALSE
CHL1327,ST091,2008-10-07,3,NA,1000,10.5,0.003,0.012,0.005,0.005,1.06,1.09,,mg/L,FALSE,FALSE,-0.20618159279625603,FALSE
CHL1328,ST095,2008-10-07,2,NA,1000,13.1,0.01,0.028999999999999998,0.019,0.019,2.65,2.78,,mg/L,FALSE,FALSE,-0.21733166455574837,FALSE
CHL1329,ST095,2008-10-07,3,NA,1000,10.7,0.002,0.023,0.008,0.008,2.48,2.57,,mg/L,FALSE,FALSE,-0.24544769461919902,FALSE
CHL1330,ST065,2008-10-07,1,NA,1000,11.8,0.004,0.023,0.01,0.01,2.46,2.55,,mg/L,FALSE,FALSE,-0.24404958050901682,FALSE
CHL1331,ST065,2008-10-07,2,NA,1000,11.8,0.012,0.038,0.021,0.019,3.35,3.48,,mg/L,FALSE,FALSE,-0.26626565841212857,FALSE
CHL1332,ST065,2008-10-07,3,NA,1000,11.8,0.001,0.021,0.006,0.006,2.63,2.71,,mg/L,FALSE,FALSE,-0.265933550445566,FALSE
CHL1333,ST095,2010-10-08,1,NA,961,10.9,0.002,0.041,0.013,0.011,4.89,5.06,,mg/L,FALSE,FALSE,-0.33392044489616524,TRUE
CHL1334,ST079,2010-10-10,1,NA,500,12.8,0.011,0.02,0.015,0.014,2.47,2.58,,mg/L,FALSE,FALSE,-0.22474863756410768,FALSE
CHL1335,ST079,2010-10-10,2,NA,500,10.6,0.005,0.016,0.012,0.012,2.41,2.55,,mg/L,FALSE,FALSE,-0.19055429523356127,FALSE
CHL1336,ST001,2000-10-04,1,NA,500,11.6,0,0.008,0.003,0.003,2.02,2.1,,mg/m3,FALSE,FALSE,-0.22329107008500593,FALSE
CHL1337,ST001,2004-10-04,1,NA,1000,11,0.016,0.04,0.025,0.024,2.87,2.98,,mg/m3,FALSE,FALSE,-0.2527109197677535,FALSE
CHL1338,ST001,2010-10-09,1,NA,1000,11.3,0.003,0.014,0.008,0.008,1.33,1.39,,mg/m3,FALSE,FALSE,-0.1950561332837173,FALSE
CHL1339,ST002,2000-10-03,1,NA,500,12.4,0.002,0.015,0.009,0.005,3.39,3.56,,mg/m3,FALSE,FALSE,-0.22906188663249294,FALSE
CHL1340,ST002,2000-10-03,2,NA,500,13,0.005,0.019,0.009,0.008,4.02,4.16,,mg/m3,FALSE,FALSE,-0.30310248110323545,TRUE
CHL1341,ST002,2004-10-06,1,1,500,15,0.019,0.042,0.025,0.023,7.65,7.91,,mg/m3,FALSE,FALSE,-0.4368601921013209,TRUE
CHL1342,ST002,2004-10-06,1,2,500,11.8,0.011,0.032,0.015,0.014,5.57,5.73,,mg/m3,FALSE,FALSE,-0.39145632464236346,TRUE
CHL1343,ST002,2010-10-08,1,NA,500,11.9,0.001,0.017,0.006,0.005,4.18,4.34,,mg/m3,FALSE,FALSE,-0.2942873939846935,TRUE
CHL1344,ST003,2000-10-04,1,NA,500,13.6,0.002,0.023,0.008,0.007,6.31,6.53,,mg/m3,FALSE,FALSE,-0.38318654671910757,TRUE
CHL1345,ST003,2004-10-05,1,1,500,13.4,0.002,0.024,0.009,0.008,6.47,6.71,,mg/m3,FALSE,FALSE,-0.3743714596005665,TRUE
CHL1346,ST003,2004-10-05,1,2,500,14.7,0.002,0.025,0.008,0.007,7.5,7.75,,mg/m3,FALSE,FALSE,-0.4363743362749535,TRUE
CHL1347,ST003,2010-10-09,1,NA,500,12.4,0.006,0.034,0.019,0.015,7.41,7.75,,mg/m3,FALSE,FALSE,-0.3400828227791344,TRUE
CHL1348,ST004,2000-10-03,1,NA,500,11.1,0.008,0.021,0.013,0.014,3.13,3.26,,mg/m3,FALSE,FALSE,-0.25088640320012345,FALSE
CHL1349,ST004,2000-10-03,2,NA,500,10.5,0.002,0.015,0.008,0.005,2.91,3.05,,mg/m3,FALSE,FALSE,-0.22550714798811855,FALSE
CHL1350,ST004,2004-10-04,1,1,500,11.5,0.007,0.019,0.01,0.009,3.07,3.17,,mg/m3,FALSE,FALSE,-0.2766920608695762,TRUE
CHL1351,ST004,2004-10-04,1,2,500,15.3,0.004,0.013000000000000001,0.007,0.006,3.01,3.13,,mg/m3,FALSE,FALSE,-0.2524977185390296,FALSE
CHL1352,ST004,2010-10-09,1,NA,500,13.9,0.002,0.009,0.005,0.005,2.09,2.18,,mg/m3,FALSE,FALSE,-0.21818446947064363,FALSE
CHL1353,ST004,2010-10-09,2,NA,500,11.3,0,0.009,0.003,0.003,2.23,2.31,,mg/m3,FALSE,FALSE,-0.23797126824192016,FALSE
CHL1354,ST005,2000-10-04,1,NA,500,11.7,0.001,0.009,0.002,0.003,2.13,2.19,,mg/m3,FALSE,FALSE,-0.2509806976910087,FALSE
CHL1355,ST005,2004-10-07,1,2,500,12.2,0.002,0.008,0.003,0.002,1.65,1.7,,mg/m3,FALSE,FALSE,-0.22742595904663365,FALSE
CHL1356,ST005,2004-10-07,1,1,500,12.4,0.002,0.007,0.004,0.004,1.34,1.4,,mg/m3,FALSE,FALSE,-0.1957551903388084,FALSE
CHL1357,ST005,2010-10-10,1,NA,500,10.4,0.003,0.007,0.004,0.004,0.93,0.96,,mg/m3,FALSE,FALSE,-0.19709385108007127,FALSE
CHL1358,ST005,2010-10-10,2,NA,500,11.5,0.003,0.008,0.004,0.006,1.3,1.33,,mg/m3,FALSE,FALSE,-0.22295896211844357,FALSE
CHL1359,ST011,2000-10-05,1,NA,500,14.9,0,0.008,0.003,0.003,2.59,2.69,,mg/m3,FALSE,FALSE,-0.24313732222520112,FALSE
CHL1360,ST011,2004-10-06,1,1,500,12.4,0.004,0.04,0.014,0.012,9.88,10.21,,mg/m3,TRUE,TRUE,-0.5227499153866457,TRUE
CHL1361,ST011,2004-10-06,1,2,500,11.1,0.01,0.049,0.02,0.019,9.62,9.93,,mg/m3,TRUE,FALSE,-0.5245744319542762,TRUE
CHL1362,ST011,2010-10-11,2,NA,500,10.5,0.007,0.034999999999999996,0.017,0.016,6.41,6.66,,mg/m3,FALSE,FALSE,-0.36017711727001966,TRUE
CHL1363,ST011,2010-10-11,NA,NA,500,13,0.009,0.034,0.018,0.017,7.08,7.36,,mg/m3,FALSE,FALSE,-0.37701393996112564,TRUE
CHL1364,ST012,2000-10-05,1,NA,500,13.6,0.001,0.004,0.002,0.001,0.89,0.93,,mg/m3,FALSE,FALSE,-0.18429762285970674,FALSE
CHL1365,ST012,2004-10-06,1,2,500,11.3,0.008,0.034999999999999996,0.014,0.013,6.82,7.03,,mg/m3,FALSE,FALSE,-0.42883845652875685,TRUE
CHL1366,ST012,2004-10-06,1,1,500,11,0.004,0.024,0.008,0.007,4.94,5.08,,mg/m3,FALSE,FALSE,-0.3674157301716212,TRUE
CHL1367,ST012,2010-10-11,1,NA,1000,12.2,0.009,0.015,0.012,0.012,0.78,0.81,,mg/m3,FALSE,FALSE,-0.18660799525370397,FALSE
CHL1368,ST014,2000-10-03,1,NA,500,11.9,0.001,0.009,0.004,0.002,2.06,2.15,,mg/m3,FALSE,FALSE,-0.216087298305371,FALSE
CHL1369,ST014,2000-10-03,2,NA,500,12.3,0.004,0.011,0.008,0.004,1.79,1.89,,mg/m3,FALSE,FALSE,-0.18721275781791014,FALSE
CHL1370,ST014,2004-10-04,1,1,500,11.6,0.002,0.012,0.005,0.004,2.55,2.65,,mg/m3,FALSE,FALSE,-0.24034109400483672,FALSE
CHL1371,ST014,2004-10-04,1,2,500,11.5,0.009,0.017,0.009,0.007,2.14,2.18,,mg/m3,FALSE,FALSE,-0.2716797547460996,FALSE
CHL1372,ST014,2010-10-08,1,NA,500,11.8,0.002,0.009,0.003,0.003,1.87,1.92,,mg/m3,FALSE,FALSE,-0.242805214258639,FALSE
CHL1373,ST014,2010-10-08,2,NA,500,14.8,0.002,0.008,0.003,0.002,2,2.06,,mg/m3,FALSE,FALSE,-0.24189295597482374,FALSE
CHL1374,ST015,2000-10-03,NA,NA,1000,12,0,0.011,0.004,0.002,1.44,1.49,,mg/m3,FALSE,FALSE,-0.21274576088971964,FALSE
CHL1375,ST015,2004-10-06,1,2,500,13.1,0.003,0.009,0.004,0.004,1.78,1.82,,mg/m3,FALSE,FALSE,-0.24651370076281887,FALSE
CHL1376,ST015,2004-10-06,1,1,500,13.9,0.003,0.009,0.004,0.003,1.88,1.93,,mg/m3,FALSE,FALSE,-0.2435042713137301,FALSE
CHL1377,ST015,2010-10-08,1,NA,500,11.4,0.003,0.01,0.005,0.004,1.76,1.82,,mg/m3,FALSE,FALSE,-0.2251155866526362,FALSE
CHL1378,ST015,2010-10-08,2,NA,500,11.3,0.002,0.01,0.004,0.003,2.01,2.07,,mg/m3,FALSE,FALSE,-0.24259201302991507,FALSE
CHL1379,ST016,2000-10-04,1,NA,500,12.1,0.001,0.023,0.007,0.007,5.9,6.1,,mg/m3,FALSE,FALSE,-0.37452520746037177,TRUE
CHL1380,ST016,2004-10-05,1,2,500,13.4,0.004,0.019,0.008,0.007,4.46,4.61,,mg/m3,FALSE,FALSE,-0.3238609915272459,TRUE
CHL1381,ST016,2004-10-05,1,1,500,12.5,0.002,0.017,0.005,0.004,4.21,4.33,,mg/m3,FALSE,FALSE,-0.3363845651499675,TRUE
CHL1382,ST016,2010-10-09,1,NA,500,10.8,0.001,0.024,0.008,0.008,5.47,5.67,,mg/m3,FALSE,FALSE,-0.34446575409145197,TRUE
CHL1383,ST016,2010-10-09,2,NA,500,11.4,0,0.025,0.008,0.006,6.25,6.48,,mg/m3,FALSE,FALSE,-0.36899220438856073,TRUE
CHL1384,ST020,2000-10-04,1,1,500,12.4,0.002,0.021,0.006,0.005,5.28,5.44,,mg/m3,FALSE,FALSE,-0.3711836700447195,TRUE
CHL1385,ST020,2000-10-04,1,2,500,11.9,0.001,0.015,0.003,0.003,3.78,3.88,,mg/m3,FALSE,FALSE,-0.32632511178104817,TRUE
CHL1386,ST020,2004-10-05,1,2,500,12.2,0.003,0.015,0.006,0.005,3.25,3.36,,mg/m3,FALSE,FALSE,-0.27927508786121713,TRUE
CHL1387,ST020,2004-10-05,1,1,500,12.5,0.006,0.017,0.009,0.008,3.04,3.15,,mg/m3,FALSE,FALSE,-0.2645948897043029,FALSE
CHL1388,ST020,2010-10-10,1,NA,500,12.1,0,0.008,0.003,0.003,2.1,2.19,,mg/m3,FALSE,FALSE,-0.2188835265257354,FALSE
CHL1389,ST020,2010-10-10,2,NA,500,12,0.001,0.009,0.005,0.005,2.04,2.14,,mg/m3,FALSE,FALSE,-0.2046891841951881,FALSE
CHL1390,ST021,2000-10-04,1,NA,500,12.8,0.003,0.01,0.006,0.004,1.92,2.01,,mg/m3,FALSE,FALSE,-0.20630049953409468,FALSE
CHL1391,ST021,2004-10-04,1,2,500,13.2,0.005,0.015,0.008,0.006,2.9,3.01,,mg/m3,FALSE,FALSE,-0.25480809093302703,FALSE
CHL1392,ST021,2004-10-04,1,1,500,12.1,0.002,0.013000000000000001,0.006,0.004,2.89,3.01,,mg/m3,FALSE,FALSE,-0.24410903387793592,FALSE
CHL1393,ST021,2010-10-10,1,NA,1000,10.6,0.009,0.031,0.018,0.017,2.52,2.62,,mg/m3,FALSE,FALSE,-0.2382439228395632,FALSE
CHL1394,ST022,2000-10-04,1,NA,500,13,0.002,0.004,0.002,0.001,0.6,0.61,,mg/m3,FALSE,FALSE,-0.1940249682620634,FALSE
CHL1395,ST022,2004-10-03,1,NA,1000,12.6,0.003,0.012,0.005,0.005,1.27,1.31,,mg/m3,FALSE,FALSE,-0.21086179095317004,FALSE
CHL1396,ST022,2010-10-09,1,NA,500,11.8,0.003,0.011,0.006,0.006,2.05,2.13,,mg/m3,FALSE,FALSE,-0.22538824125027945,FALSE
CHL1397,ST022,2010-10-09,2,NA,500,10.2,0.002,0.009,0.003,0.003,1.62,1.66,,mg/m3,FALSE,FALSE,-0.23532878788136036,FALSE
CHL1398,ST023,2004-10-05,1,1,500,13.3,0.004,0.018000000000000002,0.009,0.008,4.06,4.22,,mg/m3,FALSE,FALSE,-0.2858987093236003,TRUE
CHL1399,ST023,2004-10-05,1,2,500,14.1,0.016,0.028999999999999998,0.019,0.017,4.09,4.22,,mg/m3,FALSE,FALSE,-0.3179958804888736,TRUE
CHL1400,ST023,2010-10-09,1,NA,1000,11.5,0.001,0.049,0.018,0.014,6.02,6.25,,mg/m3,FALSE,FALSE,-0.35291389212146473,TRUE
CHL1401,ST024,2000-10-04,1,NA,500,12.7,0,0.007,0.002,0.003,1.97,2.03,,mg/m3,FALSE,FALSE,-0.23979578480955066,FALSE
CHL1402,ST024,2004-10-05,1,2,500,13.5,0.003,0.016,0.007,0.006,3.86,4,,mg/m3,FALSE,FALSE,-0.29191756822177695,TRUE
CHL1403,ST024,2004-10-05,1,1,500,13.6,0.001,0.016,0.005,0.004,4.52,4.67,,mg/m3,FALSE,FALSE,-0.32805533385779295,TRUE
CHL1404,ST024,2010-10-09,2,NA,500,12.3,0,0.016,0.008,0.005,4.17,4.37,,mg/m3,FALSE,FALSE,-0.25358833692960303,FALSE
CHL1405,ST028,2000-10-04,1,NA,800,13.8,0.001,0.005,0.003,0.003,0.73,0.77,,mg/m3,FALSE,FALSE,-0.17311270997824824,FALSE
CHL1406,ST028,2000-10-04,2,NA,500,12,0,0.002,0,0,0.56,0.57,,mg/m3,FALSE,FALSE,-0.19122874004169887,FALSE
CHL1407,ST028,2004-10-05,1,2,500,11.8,0.004,0.007,0.005,0.005,0.78,0.8,,mg/m3,FALSE,FALSE,-0.19660799525370398,FALSE
CHL1408,ST028,2004-10-05,1,1,500,11.4,0.002,0.005,0.004,0.003,0.7,0.74,,mg/m3,FALSE,FALSE,-0.17101553881297482,FALSE
CHL1409,ST028,2010-10-09,1,NA,500,11,0.002,0.006,0.003,0.003,0.98,1.01,,mg/m3,FALSE,FALSE,-0.200589136355527,FALSE
CHL1410,ST028,2010-10-09,2,NA,500,11.5,0.003,0.004,0.003,0.004,0.27,0.27,,mg/m3,FALSE,FALSE,-0.18095608544405561,FALSE
CHL1411,ST029,2000-10-04,1,NA,500,14.1,0,0.012,0.003,0.003,3.76,3.89,,mg/m3,FALSE,FALSE,-0.2949269976708657,TRUE
CHL1412,ST029,2004-10-05,1,1,500,12.2,0.007,0.024,0.011,0.011,4.63,4.77,,mg/m3,FALSE,FALSE,-0.3457449614637955,TRUE
CHL1413,ST029,2004-10-05,1,2,500,12.4,0.001,0.018000000000000002,0.006,0.006,4.65,4.81,,mg/m3,FALSE,FALSE,-0.3271430755739786,TRUE
CHL1414,ST029,2010-10-09,1,NA,500,12.8,0.003,0.018000000000000002,0.008,0.006,4.2,4.36,,mg/m3,FALSE,FALSE,-0.29568550809487615,TRUE
CHL1415,ST030,2000-10-03,NA,NA,500,13.2,0.001,0.028,0.008,0.008,7.92,8.18,,mg/m3,FALSE,FALSE,-0.45573473258878217,TRUE
CHL1416,ST030,2004-10-04,1,1,500,15.5,0.029,0.048,0.036,0.033,6.4,6.66,,mg/m3,FALSE,FALSE,-0.34947806021492855,TRUE
CHL1417,ST030,2004-10-04,1,2,500,12.8,0.005,0.025,0.011,0.01,5.64,5.84,,mg/m3,FALSE,FALSE,-0.3563497240280009,TRUE
CHL1418,ST030,2010-10-08,1,NA,1000,12.8,0.002,0.026000000000000002,0.009,0.007,3.39,3.51,,mg/m3,FALSE,FALSE,-0.2790618866324932,TRUE
CHL1419,ST031,2000-10-03,NA,NA,500,13.2,0.001,0.027,0.01,0.007,7.49,7.78,,mg/m3,FALSE,FALSE,-0.395675279219863,TRUE
CHL1420,ST031,2004-10-04,1,2,500,12.7,0.003,0.023,0.009,0.007,5.59,5.79,,mg/m3,FALSE,FALSE,-0.3528544387525452,TRUE
CHL1421,ST031,2004-10-04,1,1,500,11.4,0.004,0.014,0.007,0.006,2.51,2.6,,mg/m3,FALSE,FALSE,-0.2475448657844721,FALSE
CHL1422,ST031,2010-10-08,1,NA,500,15.2,0.002,0.016,0.006,0.005,4.7,4.86,,mg/m3,FALSE,FALSE,-0.33063836084943343,TRUE
CHL1423,ST031,2010-10-08,2,NA,500,15.2,0.001,0.02,0.009,0.006,6.21,6.48,,mg/m3,FALSE,FALSE,-0.3261959761681963,TRUE
CHL1424,ST032,2000-10-03,NA,NA,500,13.5,0,0.009,0.003,0.003,2.66,2.76,,mg/m3,FALSE,FALSE,-0.24803072161083994,FALSE
CHL1425,ST032,2004-10-04,1,1,500,12.3,0.005,0.018000000000000002,0.01,0.008,3.46,3.61,,mg/m3,FALSE,FALSE,-0.25395528601813133,FALSE
CHL1426,ST032,2004-10-04,1,2,500,12,0.003,0.017,0.007,0.006,3.71,3.84,,mg/m3,FALSE,FALSE,-0.29143171239541044,TRUE
CHL1427,ST032,2010-10-08,1,NA,500,12.2,0.001,0.012,0.005,0.005,2.92,3.04,,mg/m3,FALSE,FALSE,-0.246206205043209,FALSE
CHL1428,ST032,2010-10-08,2,NA,500,11,0.005,0.016,0.009,0.01,2.64,2.74,,mg/m3,FALSE,FALSE,-0.24663260750065685,FALSE
CHL1429,ST033,2000-10-03,1,NA,500,15.2,0.004,0.026000000000000002,0.01,0.009,7.41,7.66,,mg/m3,FALSE,FALSE,-0.43008282277913423,TRUE
CHL1430,ST033,2004-10-04,1,1,500,13,0.017,0.04,0.025,0.023,6.53,6.78,,mg/m3,FALSE,FALSE,-0.3685658019311129,TRUE
CHL1431,ST033,2004-10-04,1,2,500,13.8,0.003,0.02,0.007,0.006,5.23,5.4,,mg/m3,FALSE,FALSE,-0.357688384769264,TRUE
CHL1432,ST033,2010-10-08,1,NA,500,12.8,0.002,0.014,0.006,0.004,3.36,3.49,,mg/m3,FALSE,FALSE,-0.26696471546721945,FALSE
CHL1433,ST033,2010-10-08,2,NA,500,11.9,0.001,0.013000000000000001,0.005,0.004,3.13,3.24,,mg/m3,FALSE,FALSE,-0.270886403200123,FALSE
CHL1434,ST034,2000-10-03,1,NA,1000,12.5,0.001,0.011,0.004,0.002,1.38,1.42,,mg/m3,FALSE,FALSE,-0.21855141855917282,FALSE
CHL1435,ST034,2004-10-04,1,2,500,12.5,0.007,0.013000000000000001,0.008,0.007,1.69,1.74,,mg/m3,FALSE,FALSE,-0.23022218726699828,FALSE
CHL1436,ST034,2004-10-04,1,1,500,11.8,0.003,0.011,0.005,0.004,2.1,2.17,,mg/m3,FALSE,FALSE,-0.2388835265257354,FALSE
CHL1437,ST034,2010-10-08,1,NA,500,12.2,0.001,0.005,0.003,0.003,1.04,1.09,,mg/m3,FALSE,FALSE,-0.1847834786860738,FALSE
CHL1438,ST034,2010-10-08,2,NA,500,14,0.004,0.008,0.005,0.006,1.25,1.29,,mg/m3,FALSE,FALSE,-0.20946367684298783,FALSE
CHL1439,ST035,2000-10-03,NA,NA,500,12.5,0.003,0.015,0.007,0.002,3.27,3.4,,mg/m3,FALSE,FALSE,-0.2606732019713993,FALSE
CHL1440,ST035,2004-10-04,1,2,500,12.4,0.008,0.022,0.013,0.011,3.78,3.93,,mg/m3,FALSE,FALSE,-0.2763251117810479,TRUE
CHL1441,ST035,2004-10-04,1,1,500,12.1,0.003,0.017,0.006,0.005,3.79,3.91,,mg/m3,FALSE,FALSE,-0.30702416883613903,TRUE
CHL1442,ST035,2010-10-08,2,NA,500,10.1,0.001,0.014,0.005,0.003,2.89,2.99,,mg/m3,FALSE,FALSE,-0.2641090338779355,FALSE
CHL1443,ST035,2010-10-08,1,NA,500,12.1,0.002,0.013000000000000001,0.004,0.003,3,3.08,,mg/m3,FALSE,FALSE,-0.2917986614839383,TRUE
CHL1444,ST036,2000-10-05,1,NA,500,11.5,0.011,0.019,0.015,0.014,1.95,2.04,,mg/m3,FALSE,FALSE,-0.20839767069936777,FALSE
CHL1445,ST036,2004-10-06,1,2,500,12.7,0.001,0.006,0.003,0.003,1.37,1.43,,mg/m3,FALSE,FALSE,-0.1978523615040817,FALSE
CHL1446,ST036,2004-10-06,1,1,500,9.9,0.006,0.009,0.006,0.005,0.69,0.7,,mg/m3,FALSE,FALSE,-0.20031648175788375,FALSE
CHL1447,ST036,2010-10-11,1,NA,500,10.2,0.004,0.011,0.008,0.007,1.49,1.57,,mg/m3,FALSE,FALSE,-0.18624104616517534,FALSE
CHL1448,ST036,2010-10-11,2,NA,500,11.3,0.003,0.011,0.008,0.006,1.87,1.97,,mg/m3,FALSE,FALSE,-0.19280521425863895,FALSE
CHL1449,ST037,2000-10-05,1,NA,500,12.2,0.003,0.007,0.004,0.004,1.09,1.12,,mg/m3,FALSE,FALSE,-0.20827876396152956,FALSE
CHL1450,ST037,2004-10-06,1,NA,1000,12.2,0.004,0.019,0.008,0.005,2.03,2.09,,mg/m3,FALSE,FALSE,-0.24399012714009727,FALSE
CHL1451,ST037,2010-10-11,1,NA,1000,12.3,0.069,0.09,0.083,0.081,2.65,2.81,,mg/m3,FALSE,FALSE,-0.18733166455574812,FALSE
CHL1452,ST040,2000-10-05,1,NA,500,15.4,0.034,0.057,0.047,0.046,7.42,7.81,,mg/m3,FALSE,FALSE,-0.290781879834225,TRUE
CHL1453,ST040,2004-10-06,1,1,500,11.2,0.019,0.04,0.022,0.02,5.33,5.47,,mg/m3,FALSE,FALSE,-0.3946789553201757,TRUE
CHL1454,ST040,2004-10-06,1,2,500,11.2,0.009,0.033,0.016,0.015,5.93,6.14,,mg/m3,FALSE,FALSE,-0.3666223786256442,TRUE
CHL1455,ST040,2010-10-11,1,NA,500,11.3,0.006,0.023,0.012,0.01,4.19,4.35,,mg/m3,FALSE,FALSE,-0.2949864510397857,TRUE
CHL1456,ST040,2010-10-11,2,NA,500,11.7,0.007,0.021,0.013,0.011,3.52,3.67,,mg/m3,FALSE,FALSE,-0.25814962834867794,FALSE
CHL1457,ST044,2000-10-04,1,NA,1000,13.8,0.008,0.017,0.008,0.008,1.45,1.47,,mg/m3,FALSE,FALSE,-0.24344481794481077,FALSE
CHL1458,ST044,2004-10-07,1,1,500,13.6,0.002,0.012,0.006,0.003,2.93,3.06,,mg/m3,FALSE,FALSE,-0.23690526209830054,FALSE
CHL1459,ST044,2004-10-07,1,2,500,12.5,0.01,0.018000000000000002,0.013,0.0012,2.14,2.24,,mg/m3,FALSE,FALSE,-0.21167975474609957,FALSE
CHL1460,ST044,2010-10-10,1,NA,1000,11.7,0.005,0.022,0.012,0.011,2.15,2.24,,mg/m3,FALSE,FALSE,-0.22237881180119068,FALSE
CHL1461,ST045,2000-10-04,1,NA,500,11.7,0.003,0.011,0.008,0.005,1.93,2.04,,mg/m3,FALSE,FALSE,-0.18699955658918554,FALSE
CHL1462,ST045,2004-10-07,1,1,500,11.9,0.002,0.011,0.004,0.003,2.39,2.47,,mg/m3,FALSE,FALSE,-0.24915618112337823,FALSE
CHL1463,ST045,2004-10-07,1,2,500,11.3,0.005,0.016,0.008,0.007,2.75,2.85,,mg/m3,FALSE,FALSE,-0.25432223510665963,FALSE
CHL1464,ST046,2000-10-04,1,NA,1000,13,0.001,0.015,0.006,0.005,1.98,2.06,,mg/m3,FALSE,FALSE,-0.22049484186464152,FALSE
CHL1465,ST046,2004-10-07,1,1,500,13.8,0.011,0.028999999999999998,0.015,0.014,5.55,5.72,,mg/m3,FALSE,FALSE,-0.38005821053218103,TRUE
CHL1466,ST046,2004-10-07,1,2,500,11.8,0.011,0.031,0.016,0.015,5.25,5.42,,mg/m3,FALSE,FALSE,-0.35908649887944666,TRUE
CHL1467,ST046,2010-10-10,1,NA,500,12.8,0.012,0.024,0.019,0.018,3.2,3.38,,mg/m3,FALSE,FALSE,-0.20577980258576156,FALSE
CHL1468,ST048,2003-10-03,1,NA,1000,14.7,0.001,0.015,0.005,0.004,2.27,2.35,,mg/m3,FALSE,FALSE,-0.24076749646228457,FALSE
CHL1469,ST048,2004-10-04,1,2,500,10.5,0.003,0.016,0.006,0.005,3.05,3.14,,mg/m3,FALSE,FALSE,-0.2852939467593938,TRUE
CHL1470,ST048,2004-10-04,1,1,500,13.2,0.008,0.018000000000000002,0.009,0.008,3.02,3.09,,mg/m3,FALSE,FALSE,-0.3031967755941207,TRUE
CHL1471,ST048,2010-10-08,1,NA,500,12.4,0.001,0.009,0.003,0.004,2.21,2.28,,mg/m3,FALSE,FALSE,-0.2465731541317382,FALSE
CHL1472,ST048,2010-10-08,2,NA,500,14.6,0.001,0.007,0.003,0.002,1.92,1.99,,mg/m3,FALSE,FALSE,-0.22630049953409448,FALSE
CHL1473,ST049,2000-10-04,1,NA,1000,13.5,0.001,0.014,0.004,0.003,1.96,2.02,,mg/m3,FALSE,FALSE,-0.23909672775445934,FALSE
CHL1474,ST049,2004-10-07,1,2,500,13.3,0.004,0.013000000000000001,0.007,0.005,2.62,2.72,,mg/m3,FALSE,FALSE,-0.24523449339047465,FALSE
CHL1475,ST049,2004-10-07,1,1,500,12.1,0.002,0.011,0.005,0.004,2.38,2.47,,mg/m3,FALSE,FALSE,-0.23845712406828712,FALSE
CHL1476,ST049,2010-10-10,1,NA,500,11.5,0.004,0.015,0.009,0.009,2.71,2.83,,mg/m3,FALSE,FALSE,-0.2315260068862952,FALSE
CHL1477,ST049,2010-10-10,2,NA,500,12.5,0.006,0.018000000000000002,0.012,0.012,3.18,3.34,,mg/m3,FALSE,FALSE,-0.22438168847557938,FALSE
CHL1478,ST050,2000-10-04,1,NA,500,13,0.004,0.012,0.006,0.006,2.31,2.39,,mg/m3,FALSE,FALSE,-0.24356372468264942,FALSE
CHL1479,ST050,2004-10-07,1,1,500,13.2,0.001,0.015,0.005,0.004,4.08,4.22,,mg/m3,FALSE,FALSE,-0.3072968234337825,TRUE
CHL1480,ST050,2004-10-07,1,2,500,13.8,0.003,0.017,0.007,0.005,4.26,4.41,,mg/m3,FALSE,FALSE,-0.309879850425423,TRUE
CHL1481,ST050,2010-10-10,1,NA,500,11.3,0.006,0.02,0.013,0.012,3.35,3.52,,mg/m3,FALSE,FALSE,-0.22626565841212853,FALSE
CHL1482,ST050,2010-10-10,2,NA,500,13.7,0.01,0.023,0.015,0.016,3.87,4.02,,mg/m3,FALSE,FALSE,-0.28261662527686937,TRUE
CHL1483,ST051,2000-10-04,1,NA,1000,12,0.002,0.018000000000000002,0.008,0.006,2.08,2.17,,mg/m3,FALSE,FALSE,-0.2174854124155532,FALSE
CHL1484,ST051,2004-10-07,1,2,500,12.8,0.002,0.009,0.004,0.003,1.98,2.05,,mg/m3,FALSE,FALSE,-0.23049484186464175,FALSE
CHL1485,ST051,2004-10-07,1,1,500,11.5,0.004,0.011,0.005,0.004,1.82,1.87,,mg/m3,FALSE,FALSE,-0.23930992898318326,FALSE
CHL1486,ST051,2010-10-10,1,NA,500,9.8,0.002,0.039,0.014,0.011,7.95,8.25,,mg/m3,FALSE,FALSE,-0.4178319037540561,TRUE
CHL1487,ST051,2010-10-10,2,NA,500,12.7,0.127,0.17900000000000002,0.161,0.159,13.59,14.39,,mg/m3,TRUE,TRUE,-0.3121000828254612,TRUE
CHL1488,ST054,2000-10-03,1,NA,500,11,0.004,0.017,0.007,0.006,3.19,3.29,,mg/m3,FALSE,FALSE,-0.28508074553066987,TRUE
CHL1489,ST054,2004-10-04,1,2,500,12.2,0.003,0.015,0.006,0.005,3.25,3.36,,mg/m3,FALSE,FALSE,-0.27927508786121713,TRUE
CHL1490,ST054,2004-10-04,1,1,500,12.6,0.005,0.027,0.01,0.009,6.19,6.38,,mg/m3,FALSE,FALSE,-0.4047978620580146,TRUE
CHL1491,ST054,2010-10-09,1,NA,500,12.5,0.001,0.02,0.007,0.007,5.22,5.41,,mg/m3,FALSE,FALSE,-0.3369893277141731,TRUE
CHL1492,ST054,2010-10-09,2,NA,500,12.5,0.007,0.026000000000000002,0.013,0.013,5.22,5.41,,mg/m3,FALSE,FALSE,-0.3369893277141731,TRUE
CHL1493,ST055,2000-10-03,1,NA,500,12,0.002,0.022,0.009,0.008,5.24,5.44,,mg/m3,FALSE,FALSE,-0.3283874418243551,TRUE
CHL1494,ST055,2004-10-05,1,2,500,14.7,0.006,0.025,0.011,0.011,6.2,6.4,,mg/m3,FALSE,FALSE,-0.39549691911310525,TRUE
CHL1495,ST055,2004-10-05,1,1,500,15,0.011,0.031,0.018,0.017,6.55,6.8,,mg/m3,FALSE,FALSE,-0.3699639160412955,TRUE
CHL1496,ST055,2010-10-09,1,NA,500,10.8,0.002,0.014,0.006,0.005,2.84,2.94,,mg/m3,FALSE,FALSE,-0.26061374860247977,FALSE
CHL1497,ST055,2010-10-09,2,NA,500,12.4,0,0.012,0.004,0.004,3.26,3.38,,mg/m3,FALSE,FALSE,-0.2699741449163082,FALSE
CHL1498,ST056,2000-10-03,1,NA,500,11.5,0.004,0.014,0.009,0.005,2.43,2.55,,mg/m3,FALSE,FALSE,-0.2119524093437435,FALSE
CHL1499,ST056,2004-10-04,1,2,500,12.2,0.002,0.015,0.005,0.005,3.54,3.65,,mg/m3,FALSE,FALSE,-0.2995477424588602,TRUE
CHL1500,ST056,2004-10-04,1,1,500,11.2,0.003,0.019,0.007,0.005,3.98,4.11,,mg/m3,FALSE,FALSE,-0.31030625288287084,TRUE
CHL1501,ST056,2010-10-08,1,NA,500,11.1,0.003,0.014,0.007,0.007,2.66,2.76,,mg/m3,FALSE,FALSE,-0.24803072161083994,FALSE
CHL1502,ST056,2010-10-08,2,NA,500,12.7,0.004,0.014,0.009,0.008,2.69,2.82,,mg/m3,FALSE,FALSE,-0.22012789277611278,FALSE
CHL1503,ST057,2000-10-03,1,NA,500,14.5,0.002,0.007,0.003,0.003,1.63,1.68,,mg/m3,FALSE,FALSE,-0.22602784493645145,FALSE
CHL1504,ST057,2004-10-04,1,1,500,12.2,0.002,0.017,0.005,0.005,4.11,4.23,,mg/m3,FALSE,FALSE,-0.32939399459905605,TRUE
CHL1505,ST057,2004-10-04,1,2,500,12.7,0.004,0.02,0.008,0.008,4.52,4.67,,mg/m3,FALSE,FALSE,-0.32805533385779295,TRUE
CHL1506,ST057,2010-10-08,1,NA,500,12.2,0,0.011,0.004,0.004,2.92,3.04,,mg/m3,FALSE,FALSE,-0.246206205043209,FALSE
CHL1507,ST057,2010-10-08,2,NA,500,14.6,0.001,0.008,0.004,0.004,2.2,2.29,,mg/m3,FALSE,FALSE,-0.22587409707664685,FALSE
CHL1508,ST058,2004-10-06,1,1,500,13.8,0.005,0.025,0.011,0.008,6.08,6.29,,mg/m3,FALSE,FALSE,-0.37710823445201136,TRUE
CHL1509,ST058,2004-10-06,1,2,500,11.2,0.008,0.028,0.015,0.013,4.89,5.08,,mg/m3,FALSE,FALSE,-0.3139204448961648,TRUE
CHL1510,ST058,2010-10-11,1,NA,500,12.8,0.011,0.028,0.02,0.018,4.59,4.82,,mg/m3,FALSE,FALSE,-0.25294873324343037,FALSE
CHL1511,ST058,2010-10-11,2,NA,500,12.7,0.007,0.023,0.015,0.013,4.31,4.52,,mg/m3,FALSE,FALSE,-0.2533751357008791,FALSE
CHL1512,ST060,2000-10-03,NA,NA,1000,13.3,0.002,0.027,0.008,0.008,3.71,3.82,,mg/m3,FALSE,FALSE,-0.31143171239541045,TRUE
CHL1513,ST060,2004-10-06,1,2,500,12.2,0.002,0.017,0.006,0.005,4.06,4.19,,mg/m3,FALSE,FALSE,-0.31589870932359965,TRUE
CHL1514,ST060,2004-10-06,1,1,500,14.8,0.005,0.017,0.009,0.007,3.88,4.03,,mg/m3,FALSE,FALSE,-0.2833156823319589,TRUE
CHL1515,ST060,2010-10-08,1,NA,500,11.6,0.001,0.012,0.005,0.004,2.78,2.89,,mg/m3,FALSE,FALSE,-0.24641940627193293,FALSE
CHL1516,ST060,2010-10-08,2,NA,500,10.4,0.002,0.013000000000000001,0.004,0.004,2.58,2.65,,mg/m3,FALSE,FALSE,-0.2724382651701105,FALSE
CHL1517,ST063,2000-10-03,NA,NA,500,13.3,0.001,0.022,0.007,0.006,6.17,6.38,,mg/m3,FALSE,FALSE,-0.3833997479478324,TRUE
CHL1518,ST063,2004-10-03,1,NA,1000,15.2,0.041,0.066,0.036,0.032,4.57,4.61,,mg/m3,FALSE,FALSE,-0.441550619133249,TRUE
CHL1519,ST063,2010-10-08,1,NA,935,12.8,0.004,0.039,0.014,0.012,5.29,5.48,,mg/m3,FALSE,FALSE,-0.3418827270998106,TRUE
CHL1520,ST064,2000-10-05,1,NA,500,13.2,0.002,0.008,0.002,0.001,1.84,1.87,,mg/m3,FALSE,FALSE,-0.2607080430933655,FALSE
CHL1521,ST064,2004-10-06,1,2,500,11.4,0.004,0.014,0.005,0.005,2.61,2.67,,mg/m3,FALSE,FALSE,-0.2845354363353838,TRUE
CHL1522,ST064,2004-10-06,1,1,500,12.1,0.004,0.013000000000000001,0.006,0.005,2.43,2.51,,mg/m3,FALSE,FALSE,-0.2519524093437435,FALSE
CHL1523,ST064,2010-10-11,1,NA,1000,14,0.005,0.017,0.01,0.01,1.81,1.89,,mg/m3,FALSE,FALSE,-0.20861087192809236,FALSE
CHL1524,ST071,2000-10-04,1,NA,1000,12.8,0.004,0.024,0.009,0.01,2.85,2.94,,mg/m3,FALSE,FALSE,-0.2713128056575713,FALSE
CHL1525,ST071,2004-10-05,1,1,500,13,0.001,0.008,0.003,0.002,2.01,2.08,,mg/m3,FALSE,FALSE,-0.23259201302991483,FALSE
CHL1526,ST071,2004-10-05,1,2,500,11.6,0,0.009,0.002,0.002,2.33,2.41,,mg/m3,FALSE,FALSE,-0.24496183879283162,FALSE
CHL1527,ST071,2010-10-10,1,NA,1000,11.5,0.005,0.02,0.011,0.01,1.86,1.94,,mg/m3,FALSE,FALSE,-0.21210615720354786,FALSE
CHL1528,ST073,2000-10-04,1,NA,500,13.1,0.002,0.011,0.004,0.004,2.64,2.72,,mg/m3,FALSE,FALSE,-0.26663260750065687,FALSE
CHL1529,ST073,2000-10-04,2,NA,500,14,0.002,0.01,0.004,0.003,2.49,2.57,,mg/m3,FALSE,FALSE,-0.25614675167429013,FALSE
CHL1530,ST073,2004-10-07,1,1,500,11.7,0.015,0.028,0.018,0.017,3.39,3.5,,mg/m3,FALSE,FALSE,-0.289061886632493,TRUE
CHL1531,ST073,2004-10-07,1,2,500,11.6,0.004,0.017,0.007,0.007,3.37,3.47,,mg/m3,FALSE,FALSE,-0.2976637725223106,TRUE
CHL1532,ST073,2010-10-10,1,NA,1000,10.5,0.071,0.097,0.09,0.088,2.76,2.94,,mg/m3,FALSE,FALSE,-0.17502129216175089,FALSE
CHL1533,ST074,2000-10-04,2,NA,500,11.8,0.004,0.027,0.009,0.008,6.07,6.26,,mg/m3,FALSE,FALSE,-0.3964091773969214,TRUE
CHL1534,ST074,2000-10-04,1,NA,500,12.3,0.001,0.023,0.007,0.006,5.99,6.2,,mg/m3,FALSE,FALSE,-0.3708167209561912,TRUE
CHL1535,ST074,2004-10-05,1,2,500,12,0.002,0.022,0.007,0.007,5.34,5.51,,mg/m3,FALSE,FALSE,-0.3653780123752668,TRUE
CHL1536,ST074,2004-10-05,1,1,500,11.6,0.007,0.028999999999999998,0.013,0.012,5.65,5.84,,mg/m3,FALSE,FALSE,-0.3670487810830929,TRUE
CHL1537,ST074,2010-10-10,1,NA,500,13,0.005,0.025,0.012,0.012,5.68,5.9,,mg/m3,FALSE,FALSE,-0.33914595224836486,TRUE
CHL1538,ST075,2000-10-03,1,NA,500,12.4,0.002,0.013000000000000001,0.008,0.004,2.86,3.01,,mg/m3,FALSE,FALSE,-0.2120118627126626,FALSE
CHL1539,ST075,2004-09-12,1,NA,1000,12.9,0.002,0.015,0.005,0.005,1.87,1.93,,mg/m3,FALSE,FALSE,-0.23280521425863898,FALSE
CHL1540,ST075,2004-10-06,1,NA,1000,12.5,0.003,0.034999999999999996,0.011,0.01,4.45,4.59,,mg/m3,FALSE,FALSE,-0.33316193447215525,TRUE
CHL1541,ST075,2010-10-08,1,NA,500,11.3,0.003,0.014,0.006,0.006,2.75,2.85,,mg/m3,FALSE,FALSE,-0.25432223510665963,FALSE
CHL1542,ST075,2010-10-08,2,NA,500,11.4,0.006,0.02,0.013,0.012,3.38,3.55,,mg/m3,FALSE,FALSE,-0.22836282957740206,FALSE
CHL1543,ST076,2000-10-13,1,NA,1000,13.4,0.001,0.012,0.005,0.003,1.6,1.67,,mg/m3,FALSE,FALSE,-0.20393067377117813,FALSE
CHL1544,ST076,2004-10-03,1,NA,1000,11.6,0.013,0.033,0.017,0.015,2.6,2.68,,mg/m3,FALSE,FALSE,-0.26383637928029247,FALSE
CHL1545,ST076,2010-10-08,1,NA,500,13.3,0.003,0.007,0.004,0.003,1.18,1.22,,mg/m3,FALSE,FALSE,-0.2045702774573499,FALSE
CHL1546,ST076,2010-10-08,2,NA,500,11.2,0.003,0.012,0.008,0.007,2.11,2.22,,mg/m3,FALSE,FALSE,-0.19958258358082626,FALSE
CHL1547,ST078,2000-10-03,NA,NA,500,13.3,0.002,0.01,0.003,0.003,2.42,2.48,,mg/m3,FALSE,FALSE,-0.27125335228865177,FALSE
CHL1548,ST078,2004-10-04,1,2,500,11.9,0.002,0.021,0.007,0.006,5.02,5.18,,mg/m3,FALSE,FALSE,-0.35300818661235045,TRUE
CHL1549,ST078,2004-10-04,1,1,500,11.8,0.003,0.018000000000000002,0.007,0.005,3.92,4.05,,mg/m3,FALSE,FALSE,-0.3061119105523247,TRUE
CHL1550,ST078,2010-10-08,1,NA,620,14,0.004,0.022,0.009,0.007,4.49,4.65,,mg/m3,FALSE,FALSE,-0.3159581626925192,TRUE
CHL1551,ST061,2000-10-05,1,NA,500,12.5,0.002,0.016,0.006,0.006,3.87,4,,mg/m3,FALSE,FALSE,-0.30261662527686894,TRUE
CHL1552,ST061,2004-10-06,1,2,500,11.8,0.003,0.021,0.008,0.005,4.69,4.86,,mg/m3,FALSE,FALSE,-0.3199393037943423,TRUE
CHL1553,ST061,2004-10-06,1,1,500,11.5,0.006,0.024,0.01,0.01,4.63,4.77,,mg/m3,FALSE,FALSE,-0.3457449614637955,TRUE
CHL1554,ST061,2010-10-11,1,NA,500,11,0.003,0.017,0.01,0.009,3.27,3.42,,mg/m3,FALSE,FALSE,-0.2406732019713993,FALSE
CHL1555,ST061,2010-10-11,2,NA,500,13,0.006,0.019,0.013,0.013,3.56,3.74,,mg/m3,FALSE,FALSE,-0.23094585656904254,FALSE
CHL1556,ST062,2000-10-05,1,NA,500,12.6,0.001,0.02,0.007,0.006,5.26,5.45,,mg/m3,FALSE,FALSE,-0.3397855559345375,TRUE
CHL1557,ST062,2004-10-06,1,1,500,12.1,0.002,0.018000000000000002,0.007,0.005,4.25,4.41,,mg/m3,FALSE,FALSE,-0.2991807933703319,TRUE
CHL1558,ST062,2004-10-06,1,2,500,11.2,0.006,0.024,0.01,0.009,4.51,4.65,,mg/m3,FALSE,FALSE,-0.3373562768027014,TRUE
CHL1559,ST062,2010-10-11,1,NA,500,11,0,0.011,0.003,0.001,2.68,2.77,,mg/m3,FALSE,FALSE,-0.25942883572102193,FALSE
CHL1560,ST062,2010-10-11,2,NA,500,10.8,0.024,0.037,0.029,0.025,3.04,3.16,,mg/m3,FALSE,FALSE,-0.25459488970430266,FALSE
CHL1561,ST087,2000-10-04,1,NA,500,13.3,0.002,0.015,0.006,0.004,3.8,3.94,,mg/m3,FALSE,FALSE,-0.28772322589123034,TRUE
CHL1562,ST087,2004-10-05,1,1,500,15.6,0.001,0.019,0.005,0.005,6.28,6.47,,mg/m3,FALSE,FALSE,-0.41108937555383473,TRUE
CHL1563,ST087,2004-10-05,1,2,500,12,0.004,0.024,0.009,0.008,5.34,5.51,,mg/m3,FALSE,FALSE,-0.3653780123752668,TRUE
CHL1564,ST087,2010-10-10,1,NA,500,12.6,0.008,0.024,0.016,0.016,4.28,4.48,,mg/m3,FALSE,FALSE,-0.2612779645356049,FALSE
CHL1565,ST087,2010-10-10,2,NA,500,13.8,0.004,0.018000000000000002,0.01,0.009,4.15,4.33,,mg/m3,FALSE,FALSE,-0.27219022281942085,FALSE
CHL1566,ST088,2000-10-03,NA,NA,500,12.7,0.001,0.023,0.008,0.007,6.14,6.36,,mg/m3,FALSE,FALSE,-0.37130257678255774,TRUE
CHL1567,ST088,2004-10-03,1,NA,1000,12.4,0.009,0.07500000000000001,0.027,0.025,9.06,9.37,,mg/m3,FALSE,FALSE,-0.4854272368691728,TRUE
CHL1568,ST088,2010-10-08,1,NA,500,11.7,0.002,0.017,0.005,0.005,3.94,4.06,,mg/m3,FALSE,FALSE,-0.3175100246625071,TRUE
CHL1569,ST088,2010-10-08,2,NA,500,12.5,0,0.016,0.006,0.004,4.34,4.52,,mg/m3,FALSE,FALSE,-0.28547230686615244,TRUE
CHL1570,ST089,2000-10-03,NA,NA,1000,10.9,0.001,0.027,0.009,0.007,3.12,3.23,,mg/m3,FALSE,FALSE,-0.27018734614503215,FALSE
CHL1571,ST089,2004-10-04,1,1,500,10.8,0.01,0.022,0.009,0.007,3.06,3.1,,mg/m3,FALSE,FALSE,-0.3359930038144854,TRUE
CHL1572,ST089,2004-10-04,1,2,500,12.1,0.002,0.018000000000000002,0.006,0.005,4.31,4.45,,mg/m3,FALSE,FALSE,-0.3233751357008785,TRUE
CHL1573,ST089,2010-10-08,1,NA,500,11.8,0.002,0.017,0.005,0.004,3.97,4.09,,mg/m3,FALSE,FALSE,-0.3196071958277802,TRUE
CHL1574,ST089,2010-10-08,2,NA,500,12,0.002,0.019,0.006,0.005,4.55,4.69,,mg/m3,FALSE,FALSE,-0.3401525050230658,TRUE
CHL1575,ST094,2000-10-03,NA,NA,500,12.6,0.003,0.024,0.011,0.007,5.73,5.97,,mg/m3,FALSE,FALSE,-0.3226412375238219,TRUE
CHL1576,ST094,2004-10-04,1,1,500,13.4,0.005,0.02,0.009,0.008,4.46,4.61,,mg/m3,FALSE,FALSE,-0.3238609915272459,TRUE
CHL1577,ST094,2004-10-04,1,2,500,11.6,0.002,0.021,0.009,0.006,4.79,4.98,,mg/m3,FALSE,FALSE,-0.3069298743452533,TRUE
CHL1578,ST094,2010-10-08,1,NA,1000,14.3,0.003,0.014,0.008,0.005,1.68,1.76,,mg/m3,FALSE,FALSE,-0.19952313021190715,FALSE
